G024080,Battery Backup Unit (Free),N,Y,Device
G024081,Battery Backup Unit,N,Y,Device
G024082,Battery Backup Unit with engineer visit,N,Y,Device
G100704,Apple 20W USB-C Power Adapter,N,Y,Device
G100705,Apple MagSafe Charger,N,Y,Device
G101450,No Router Required,N,Y,Device
G101451A,No Mesh Required,N,Y,Device
G101456,Basic Home Gateway (Router),N,Y,Device
G101456A,Basic Home Gateway (Router),N,Y,Device
G101456B,Basic Home Gateway (Router),N,Y,Device
G101470,Apple AirTag (1 Pack),N,Y,Device
G101471,Apple AirTag (4 Pack),N,Y,Device
G101572,Standard Home Gateway (Router),N,Y,Device
G101572A,Standard Home Gateway (Router),N,Y,Device
G101572B,Standard Home Gateway (Router),N,Y,Device
G101573,Mesh Wi-Fi Extender,N,Y,Device
G101573A,Mesh Wi-Fi Extender,N,Y,Device
G101573B,Mesh Wi-Fi Extender,N,Y,Device
G101607A,10.2-inch iPad Wi-Fi 64GB - Silver,N,Y,Device
G101607B,10.2-inch iPad Wi-Fi 64GB - Space Grey,N,Y,Device
G101646A,Nintendo Switch Neon Red/Neon Blue (OLED Model),N,Y,Device
G101649B,Xperia 5 III 128GB Green,N,Y,Device
G101685,Airpods (3rd Gen),N,Y,Device
G101726,Samsung 45W Super Fast Charger 2.0 (with Cable),N,Y,Device
G101728,Samsung USB C to C Cable (5A for Super Fast Charge 2.0),N,Y,Device
G101765A,iPhone SE 64GB Midnight (2022),N,Y,Device
G101765B,iPhone SE 64GB Starlight (2022),N,Y,Device
G101765C,iPhone SE 64GB (PRODUCT)RED (2022),N,Y,Device
G101766A,iPhone SE 128GB Midnight (2022),N,Y,Device
G101766B,iPhone SE 128GB Starlight (2022),N,Y,Device
G101766C,iPhone SE 128GB (PRODUCT)RED (2022),N,Y,Device
G101767A,iPhone SE 256GB Midnight (2022),N,Y,Device
G101767B,iPhone SE 256GB Starlight (2022),N,Y,Device
G101767C,iPhone SE 256GB (PRODUCT)RED (2022),N,Y,Device
G101778C,Samsung Galaxy A33 128GB Peach,N,Y,Device
G101778D,Samsung Galaxy A33 128GB White,N,Y,Device
G101779B,Samsung Galaxy A53 128GB White,N,Y,Device
G101814A,Xperia 1 IV Black,N,Y,Device
G101814B,Xperia 1 IV Purple,N,Y,Device
G101816B,Xperia 10 IV Lavender,N,Y,Device
G101816C,Xperia 10 IV White,N,Y,Device
G101818,Apple USB-C to Lightning Cable -  1M,N,Y,Device
G101857F,iPhone 14 128GB Yellow,N,Y,Device
G101858A,iPhone 14 256GB Midnight,N,Y,Device
G101861A,iPhone 14 Plus 512GB Midnight,N,Y,Device
G101861F,iPhone 14 Plus 512GB Yellow,N,Y,Device
G101863A,iPhone 14 Pro 128GB Space Black,N,Y,Device
G101863C,iPhone 14 Pro 128GB Gold,N,Y,Device
G101864B,iPhone 14 Pro 256GB Silver,N,Y,Device
G101864C,iPhone 14 Pro 256GB Gold,N,Y,Device
G101864D,iPhone 14 Pro 256GB Deep Purple,N,Y,Device
G101865A,iPhone 14 Pro 512GB Space Black,N,Y,Device
G101865B,iPhone 14 Pro 512GB Silver,N,Y,Device
G101865C,iPhone 14 Pro 512GB Gold,N,Y,Device
G101866C,iPhone 14 Pro 1TB Gold,N,Y,Device
G101867D,iPhone 14 Pro Max 128GB Deep Purple,N,Y,Device
G101868A,iPhone 14 Pro Max 256GB Space Black,N,Y,Device
G101868C,iPhone 14 Pro Max 256GB Gold,N,Y,Device
G101869A,iPhone 14 Pro Max 512GB Space Black,N,Y,Device
G101869D,iPhone 14 Pro Max 512GB Deep Purple,N,Y,Device
G101870A,iPhone 14 Pro Max 1TB Space Black,N,Y,Device
G101870B,iPhone 14 Pro Max 1TB Silver,N,Y,Device
G101870C,iPhone 14 Pro Max 1TB Gold,N,Y,Device
G101870D,iPhone 14 Pro Max 1TB Deep Purple,N,Y,Device
G101871A,Apple Watch SE GPS 40mm Starlight Sport Band,N,Y,Device
G101880A,Apple Watch Series 8 GPS 45mm Starlight Sport Band,N,Y,Device
G101888A,Apple Watch Series 8 GPS 45mm Midnight Sport Band,N,Y,Device
G101901A,Galaxy A23 Black,N,Y,Device
G101901C,Samsung Galaxy A23 White,N,Y,Device
G101902A,Samsung Galaxy A04s Black,N,Y,Device
G101902B,Samsung Galaxy A04s White,N,Y,Device
G101906A,Xperia 5 IV 128GB Black,N,Y,Device
G101906B,Xperia 5 IV 128GB Green,N,Y,Device
G101910,Apple iPhone SE (3rd generation) midnight silicone case,N,Y,Device
G101940A,PS5 Bundle,N,Y,Device
G101992A,Galaxy S23 5G 128GB Black,N,Y,Device
G101992B,Galaxy S23 5G 128GB Cream,N,Y,Device
G101992C,Galaxy S23 5G 128GB Green,N,Y,Device
G101992D,Galaxy S23 5G 128GB Lavender,N,Y,Device
G101993A,Galaxy S23 5G 256GB Black,N,Y,Device
G101993B,Galaxy S23 5G 256GB Cream,N,Y,Device
G101993C,Galaxy S23 5G 256GB Green,N,Y,Device
G101993D,Galaxy S23 5G 256GB Lavender,N,Y,Device
G101994A,Galaxy S23 Ultra 5G 256GB Black,N,Y,Device
G101994B,Galaxy S23 Ultra 5G 256GB Cream,N,Y,Device
G101994C,Galaxy S23 Ultra 5G 256GB Green,N,Y,Device
G101994D,Galaxy S23 Ultra 5G 256GB Lavender,N,Y,Device
G101995A,Galaxy S23 Ultra 5G 512GB Black,N,Y,Device
G101995B,Galaxy S23 Ultra 5G 512GB Cream,N,Y,Device
G101995C,Galaxy S23 Ultra 5G 512GB Green,N,Y,Device
G101995D,Galaxy S23 Ultra 5G 512GB Lavender,N,Y,Device
G101996A,Galaxy S23+ 5G 256GB Black,N,Y,Device
G101996B,Galaxy S23+ 5G 256GB Cream,N,Y,Device
G101996C,Galaxy S23+ 5G 256GB Green,N,Y,Device
G101996D,Galaxy S23+ 5G 256GB Lavender,N,Y,Device
G101997A,Galaxy S23+ 5G 512GB Black,N,Y,Device
G101997B,Galaxy S23+ 5G 512GB Cream,N,Y,Device
G101997C,Galaxy S23+ 5G 512GB Green,N,Y,Device
G101997D,Galaxy S23+ 5G 512GB Lavender,N,Y,Device
G102002A,Galaxy A14 4G 64GB - Black,N,Y,Device
G102002B,Galaxy A14 4G 64GB - Green,N,Y,Device
G102002C,Galaxy A14 4G 64GB - Silver,N,Y,Device
G102005A,iPad Wi-Fi 64GB Blue (10th Gen),N,Y,Device
G102005B,iPad Wi-Fi 64GB Yellow (10th Gen),N,Y,Device
G102005C,iPad Wi-Fi 64GB Pink (10th Gen),N,Y,Device
G102005D,iPad Wi-Fi 64GB Silver (10th Gen),N,Y,Device
G102006A,HomePod - Midnight,N,Y,Device
G102006B,HomePod - White,N,Y,Device
G102042A,Galaxy A34 5G 128GB - Black,N,Y,Device
G102042B,Galaxy A34 5G 128GB - Green,N,Y,Device
G102042C,Galaxy A34 5G 128GB - Violet,N,Y,Device
G102042D,Galaxy A34 5G 128GB - Silver,N,Y,Device
G102043A,Galaxy A34 5G 256GB - Green,N,Y,Device
G102043B,Galaxy A34 5G 256GB - Violet,N,Y,Device
G102043C,Galaxy A34 5G 256GB - Black,N,Y,Device
G102043D,Galaxy A34 5G 256GB - Silver,N,Y,Device
G102044A,Galaxy A54 5G 128GB - Black,N,Y,Device
G102044B,Galaxy A54 5G 128GB - Green,N,Y,Device
G102044C,Galaxy A54 5G 128GB - Violet,N,Y,Device
G102044D,Galaxy A54 5G 128GB - White,N,Y,Device
G102061A,Honor X7a 4G,N,Y,Device
G102061B,Honor X7a 4G,N,Y,Device
G102061C,Honor X7a 4G,N,Y,Device
G102062A,Sony Xperia 1 V ,N,Y,Device
G102062B,Sony Xperia 1 V,N,Y,Device
G102063A,Sony Xperia 10 V,N,Y,Device
G102063B,Sony Xperia 10 V,N,Y,Device
G102063C,Sony Xperia 10 V,N,Y,Device
G102063D,Sony Xperia 10 V,N,Y,Device
G102107A,Galaxy Z Flip5 256GB Mint,N,Y,Device
G102107B,Galaxy Z Flip5 256GB Lavender,N,Y,Device
G102107C,Galaxy Z Flip5 256GB Graphite,N,Y,Device
G102107D,Galaxy Z Flip5 256GB Cream,N,Y,Device
G102108A,Galaxy Z Flip5 512GB Mint,N,Y,Device
G102108B,Galaxy Z Flip5 512GB Lavender,N,Y,Device
G102108C,Galaxy Z Flip5 512GB Graphite,N,Y,Device
G102108D,Galaxy Z Flip5 512GB Cream,N,Y,Device
G102109A,Galaxy Z Fold5 256GB Icy Blue,N,Y,Device
G102109B,Galaxy Z Fold5 256GB Cream,N,Y,Device
G102109C,Galaxy Z Fold5 256GB Phantom Black,N,Y,Device
G102110A,Galaxy Z Fold5 512GB Icy Blue,N,Y,Device
G102110B,Galaxy Z Fold5 512GB Cream,N,Y,Device
G102110C,Galaxy Z Fold5 512GB Phantom Black,N,Y,Device
G102111A,Galaxy Watch6 BT 40mm Graphite,N,Y,Device
G102111B,Galaxy Watch6 BT 40mm Cream,N,Y,Device
G102112A,Galaxy Watch6 BT 44mm Graphite,N,Y,Device
G102112B,Galaxy Watch6 BT 44mm Silver,N,Y,Device
G102113A,Galaxy Watch6 Classic BT 43mm Black,N,Y,Device
G102113B,Galaxy Watch6 Classic BT 43mm Silver,N,Y,Device
G102114A,Galaxy Watch6 Classic BT 47mm Black,N,Y,Device
G102114B,Galaxy Watch6 Classic BT 47mm Silver,N,Y,Device
G102127A,iPhone 15 128GB Black,N,Y,Device
G102127B,iPhone 15 128GB Pink,N,Y,Device
G102127C,iPhone 15 128GB Yellow,N,Y,Device
G102127D,iPhone 15 128GB Blue,N,Y,Device
G102127E,iPhone 15 128GB Green,N,Y,Device
G102128A,iPhone 15 256GB Black,N,Y,Device
G102128B,iPhone 15 256GB Pink,N,Y,Device
G102128C,iPhone 15 256GB Yellow,N,Y,Device
G102128D,iPhone 15 256GB Blue,N,Y,Device
G102128E,iPhone 15 256GB Green,N,Y,Device
G102129A,iPhone 15 512GB Black,N,Y,Device
G102129B,iPhone 15 512GB Pink,N,Y,Device
G102129C,iPhone 15 512GB Yellow,N,Y,Device
G102129D,iPhone 15 512GB Blue,N,Y,Device
G102129E,iPhone 15 512GB Green,N,Y,Device
G102130A,iPhone 15 Plus 128GB Black,N,Y,Device
G102130B,iPhone 15 Plus 128GB Pink,N,Y,Device
G102130C,iPhone 15 Plus 128GB Yellow,N,Y,Device
G102130D,iPhone 15 Plus 128GB Blue,N,Y,Device
G102130E,iPhone 15 Plus 128GB Green,N,Y,Device
G102131A,iPhone 15 Plus 256GB Black,N,Y,Device
G102131B,iPhone 15 Plus 256GB Pink,N,Y,Device
G102131C,iPhone 15 Plus 256GB Yellow,N,Y,Device
G102131D,iPhone 15 Plus 256GB Blue,N,Y,Device
G102131E,iPhone 15 Plus 256GB Green,N,Y,Device
G102132A,iPhone 15 Plus 512GB Black,N,Y,Device
G102132B,iPhone 15 Plus 512GB Pink,N,Y,Device
G102132C,iPhone 15 Plus 512GB Yellow,N,Y,Device
G102132D,iPhone 15 Plus 512GB Blue,N,Y,Device
G102132E,iPhone 15 Plus 512GB Green,N,Y,Device
G102133A,iPhone 15 Pro 128GB Black Titanium,N,Y,Device
G102133B,iPhone 15 Pro 128GB White Titanium,N,Y,Device
G102133C,iPhone 15 Pro 128GB Natural Titanium,N,Y,Device
G102133D,iPhone 15 Pro 128GB Blue Titanium,N,Y,Device
G102134A,iPhone 15 Pro 256GB Black Titanium,N,Y,Device
G102134B,iPhone 15 Pro 256GB White Titanium,N,Y,Device
G102134C,iPhone 15 Pro 256GB Natural Titanium,N,Y,Device
G102134D,iPhone 15 Pro 256GB Blue Titanium,N,Y,Device
G102135A,iPhone 15 Pro 512GB Black Titanium,N,Y,Device
G102135B,iPhone 15 Pro 512GB White Titanium,N,Y,Device
G102135C,iPhone 15 Pro 512GB Natural Titanium,N,Y,Device
G102135D,iPhone 15 Pro 512GB Blue Titanium,N,Y,Device
G102136A,iPhone 15 Pro 1TB Black Titanium,N,Y,Device
G102136B,iPhone 15 Pro 1TB White Titanium,N,Y,Device
G102136C,iPhone 15 Pro 1TB Natural Titanium,N,Y,Device
G102136D,iPhone 15 Pro 1TB Blue Titanium,N,Y,Device
G102137A,iPhone 15 Pro Max 256GB Black Titanium,N,Y,Device
G102137B,iPhone 15 Pro Max 256GB White Titanium,N,Y,Device
G102137C,iPhone 15 Pro Max 256GB Natural Titanium,N,Y,Device
G102137D,iPhone 15 Pro Max 256GB Blue Titanium,N,Y,Device
G102138A,iPhone 15 Pro Max 512GB Black Titanium,N,Y,Device
G102138B,iPhone 15 Pro Max 512GB White Titanium,N,Y,Device
G102138C,iPhone 15 Pro Max 512GB Natural Titanium,N,Y,Device
G102138D,iPhone 15 Pro Max 512GB Blue Titanium,N,Y,Device
G102139A,iPhone 15 Pro Max 1TB Black Titanium,N,Y,Device
G102139B,iPhone 15 Pro Max 1TB White Titanium,N,Y,Device
G102139C,iPhone 15 Pro Max 1TB Natural Titanium,N,Y,Device
G102139D,iPhone 15 Pro Max 1TB Blue Titanium,N,Y,Device
G102187,Apple USB-C Charge Cable (2m),N,Y,Device
G102188,Apple iPhone 15 Clear Case MagSafe,N,Y,Device
G102189,Apple iPhone 15 Plus Clear Case MagSafe,N,Y,Device
G102190,Apple iPhone 15 Pro Clear Case MagSafe,N,Y,Device
G102191,Apple iPhone 15 Pro Max Clear Case MagSafe,N,Y,Device
G102192,Apple 35W Dual USB-C Port Power Adapter,N,Y,Device
G102204A,AirPods Pro (2nd generation) (USB C),N,Y,Device
G102205A,Apple Watch Series 9 Starlight 41mm S/M,N,Y,Device
G102205B,Apple Watch Series 9 Starlight 41mm M/L,N,Y,Device
G102206A,Apple Watch Series 9 GPS 41mm S/M,N,Y,Device
G102206B,Apple Watch Series 9 Midnight 41mm M/L,N,Y,Device
G102207A,Apple Watch Series 9 Starlight 45mm S/M,N,Y,Device
G102207B,Apple Watch Series 9 Starlight 45mm M/L,N,Y,Device
G102208A,Apple Watch Series 9 Midnight 45mm S/M,N,Y,Device
G102208B,Apple Watch Series 9 Midnight 45mm M/L,N,Y,Device
G102209A,Apple Watch SE Starlight 40mm S/M (2023),N,Y,Device
G102209B,Apple Watch SE Starlight 40mm M/L (2023),N,Y,Device
G102210A,Apple Watch SE Midnight 40mm S/M (2023),N,Y,Device
G102210B,Apple Watch SE Midnight 40mm M/L (2023),N,Y,Device
G102211A,Apple Watch SE Starlight 44mm S/M (2023),N,Y,Device
G102211B,Apple Watch SE Starlight 44mm M/L (2023),N,Y,Device
G102212A,Apple Watch SE Midnight 44mm S/M (2023),N,Y,Device
G102212B,Apple Watch SE Midnight 44mm M/L (2023),N,Y,Device
G102213A,Apple Watch Ultra 2 GPS + Cellular 49mm with Ocean Band,N,Y,Device
G102214A,Apple Watch Ultra 2 GPS + Cellular 49mm with Trail Loop - S/M,N,Y,Device
G102215B,Apple Watch Ultra 2 GPS + Cellular 49mm with Trail Loop - M/L,N,Y,Device
G102219A,Xperia 5 V Black,N,Y,Device
G102219B,Xperia 5 V Silver,N,Y,Device
G102219C,Xperia 5 V Blue,N,Y,Device
G102221,Premium Home Gateway (Router),N,Y,Device
G102221A,Premium Home Gateway (Router),N,Y,Device
G102221B,Premium Home Gateway (Router),N,Y,Device
G102222,Premium Mesh Wi-Fi Extender,N,Y,Device
G102222A,Premium Mesh Wi-Fi Extender,N,Y,Device
G102222B,Premium Mesh Wi-Fi Extender,N,Y,Device
G102230A,PlayStation 5 Console,N,Y,Device
G102232A,iPhone SE 64GB Black - Pre Loved (Very Good),N,Y,Device
G102242A,Galaxy A25 128GB Black,N,Y,Device
G102242B,Galaxy A25 128GB Blue,N,Y,Device
G102242C,Galaxy A25 128GB Yellow,N,Y,Device
G102243A,Galaxy S24 128GB Yellow,N,Y,Device
G102243B,Galaxy S24 128GB Violet,N,Y,Device
G102243C,Galaxy S24 128GB Grey,N,Y,Device
G102243D,Galaxy S24 128GB Black,N,Y,Device
G102244A,Galaxy S24 256GB Yellow,N,Y,Device
G102244B,Galaxy S24 256GB Violet,N,Y,Device
G102244C,Galaxy S24 256GB Grey,N,Y,Device
G102244D,Galaxy S24 256GB Black,N,Y,Device
G102245A,Galaxy S24+ 256GB Yellow,N,Y,Device
G102245B,Galaxy S24+ 256GB Violet,N,Y,Device
G102245C,Galaxy S24+ 256GB Grey,N,Y,Device
G102245D,Galaxy S24+ 256GB Black,N,Y,Device
G102246A,Galaxy S24+ 512GB Yellow,N,Y,Device
G102246B,Galaxy S24+ 512GB Violet,N,Y,Device
G102246C,Galaxy S24+ 512GB Grey,N,Y,Device
G102246D,Galaxy S24+ 512GB Black,N,Y,Device
G102247A,Galaxy S24 Ultra 256GB Yellow,N,Y,Device
G102247B,Galaxy S24 Ultra 256GB Black,N,Y,Device
G102247C,Galaxy S24 Ultra 256GB Grey,N,Y,Device
G102247D,Galaxy S24 Ultra 256GB Violet,N,Y,Device
G102248A,Galaxy S24 Ultra 512GB Yellow,N,Y,Device
G102248B,Galaxy S24 Ultra 512GB Black,N,Y,Device
G102248C,Galaxy S24 Ultra 512GB Grey,N,Y,Device
G102248D,Galaxy S24 Ultra 512GB Violet,N,Y,Device
G102252A,Galaxy Tab A9 WIFI 64GB Blue,N,Y,Device
G102252B,Galaxy Tab A9 WIFI 64GB Grey,N,Y,Device
G102252C,Galaxy Tab A9 WIFI 64GB Silver,N,Y,Device
G102253A,Galaxy Tab A9+ WIFI 64GB Blue,N,Y,Device
G102253B,Galaxy Tab A9+ WIFI 64GB Grey,N,Y,Device
G102253C,Galaxy Tab A9+ WIFI 64GB Silver,N,Y,Device
G102254A,Galaxy A05s 64GB Black,N,Y,Device
G102254B,Galaxy A05s 64GB Green,N,Y,Device
G102254C,Galaxy A05s 64GB Silver,N,Y,Device
G102255A,Galaxy A15 128GB Black,N,Y,Device
G102255B,Galaxy A15 128GB Blue,N,Y,Device
G102255C,Galaxy A15 128GB Yellow,N,Y,Device
G102256A,Samsung 25W Super Fast Charging Travel Adapter - Black,N,Y,Device
G102257A,Samsung 25W Super Fast Charging Travel Adapter - White,N,Y,Device
G102274A,Galaxy A35 128GB Blue,N,Y,Device
G102274B,Galaxy A35 128GB Navy,N,Y,Device
G102274C,Galaxy A35 128GB Yellow,N,Y,Device
G102274D,Galaxy A35 128GB Lilac,N,Y,Device
G102275A,Galaxy A55 128GB Blue,N,Y,Device
G102275B,Galaxy A55 128GB Navy,N,Y,Device
G102275C,Galaxy A55 128GB Yellow,N,Y,Device
G102275D,Galaxy A55 128GB Lilac,N,Y,Device
G102276A,Galaxy SmartTag2 Black,N,Y,Device
G102276B,Galaxy SmartTag2 White,N,Y,Device
G102277A,MacBook Air 13.6 Inch M3 256GB (2024) - Space Grey,N,Y,Device
G102277B,MacBook Air 13.6 Inch M3 8GB RAM 256GB (2024) - Silver,N,Y,Device
G102277C,MacBook Air 13.6 Inch M3 8GB RAM 256GB (2024) - Starlight,N,Y,Device
G102277D,MacBook Air 13.6 Inch M3 8GB RAM 256GB (2024) - Midnight,N,Y,Device
G102282,No Router Required,N,Y,Device
G102283,No Router Required,N,Y,Device
G102284,No Router Required,N,Y,Device
G102285A,Google Pixel 8a 128GB - Black,N,Y,Device
G102298A,Galaxy Z Flip6 256GB Blue,N,Y,Device
G102298B,Galaxy Z Flip6 256GB Yellow,N,Y,Device
G102298C,Galaxy Z Flip6 256GB Green,N,Y,Device
G102298D,Galaxy Z Flip6 256GB Silver,N,Y,Device
G102299A,Galaxy Z Flip6 512GB Blue,N,Y,Device
G102299B,Galaxy Z Flip6 512GB Yellow,N,Y,Device
G102299C,Galaxy Z Flip6 512GB Green,N,Y,Device
G102299D,Galaxy Z Flip6 512GB Silver,N,Y,Device
G102300A,Galaxy Z Fold6 256GB Silver,N,Y,Device
G102300B,Galaxy Z Fold6 256GB Pink,N,Y,Device
G102300C,Galaxy Z Fold6 256GB Blue,N,Y,Device
G102301A,Galaxy Z Fold6 512GB Silver,N,Y,Device
G102301B,Galaxy Z Fold6 512GB Pink,N,Y,Device
G102301C,Galaxy Z Fold6 512GB Blue,N,Y,Device
G102302A,Galaxy Z Fold6 1TB Silver,N,Y,Device
G102302B,Galaxy Z Fold6 1TB Pink,N,Y,Device
G102302C,Galaxy Z Fold6 1TB Blue,N,Y,Device
G102303A,Galaxy Buds3 White,N,Y,Device
G102303B,Galaxy Buds3 Grey,N,Y,Device
G102304A,Galaxy Buds3 Pro White,N,Y,Device
G102304B,Galaxy Buds3 Pro Grey,N,Y,Device
G102305A,Galaxy Watch7 SM Green,N,Y,Device
G102305B,Galaxy Watch7 SM Cream,N,Y,Device
G102306A,Galaxy Watch7 LG Green,N,Y,Device
G102306B,Galaxy Watch7 LG Silver,N,Y,Device
G102307A,Galaxy Watch Ultra Grey,N,Y,Device
G102307B,Galaxy Watch Ultra White,N,Y,Device
G102307C,Galaxy Watch Ultra Silver,N,Y,Device
G102309,No Router Required,N,Y,Device
G102310,No Router Required,N,Y,Device
G102311A,Emporia Joy 4G Black,N,Y,Device
G102312A,Emporia Simplicity 4G Black,N,Y,Device
G102313A,Google Pixel 8 Black,N,Y,Device
G102314A,Google Pixel 8 Pro Black,N,Y,Device
G102316A,Google Pixel 9 128GB Obsidian,N,Y,Device
G102316B,Google Pixel 9 128GB Porcelain,N,Y,Device
G102317A,Google Pixel 9 256GB Obsidian,N,Y,Device
G102317B,Google Pixel 9 256GB Porcelain,N,Y,Device
G102318A,Google Pixel 9 Pro 128GB Obsidian,N,Y,Device
G102318B,Google Pixel 9 Pro 128GB Porcelain,N,Y,Device
G102319A,Google Pixel 9 Pro 256GB  Obsidian,N,Y,Device
G102319B,Google Pixel 9 Pro 256GB  Porcelain,N,Y,Device
G102322A,Google Pixel 9 Pro XL 128GB Obsidian,N,Y,Device
G102322B,Google Pixel 9 Pro XL 128GB Porcelain,N,Y,Device
G102323A,Google Pixel 9 Pro XL 256GB Obsidian,N,Y,Device
G102323B,Google Pixel 9 Pro XL 256GB Porcelain,N,Y,Device
G102324A,iPhone 16 128GB Black,N,Y,Device
G102324B,iPhone 16 128GB White,N,Y,Device
G102324C,iPhone 16 128GB Pink,N,Y,Device
G102324D,iPhone 16 128GB Ultramarine,N,Y,Device
G102324E,iPhone 16 128GB Teal,N,Y,Device
G102325A,iPhone 16 256GB Black,N,Y,Device
G102325B,iPhone 16 256GB White,N,Y,Device
G102325C,iPhone 16 256GB Pink,N,Y,Device
G102325D,iPhone 16 256GB Ultramarine,N,Y,Device
G102325E,iPhone 16 256GB Teal,N,Y,Device
G102326A,iPhone 16 512GB Black,N,Y,Device
G102326B,iPhone 16 512GB White,N,Y,Device
G102326C,iPhone 16 512GB Pink,N,Y,Device
G102326D,iPhone 16 512GB Ultramarine,N,Y,Device
G102326E,iPhone 16 512GB Teal,N,Y,Device
G102327A,iPhone 16 Plus 128GB Black,N,Y,Device
G102327B,iPhone 16 Plus 128GB White,N,Y,Device
G102327C,iPhone 16 Plus 128GB Pink,N,Y,Device
G102327D,iPhone 16 Plus 128GB Ultramarine,N,Y,Device
G102327E,iPhone 16 Plus 128GB Teal,N,Y,Device
G102328A,iPhone 16 Plus 256GB Black,N,Y,Device
G102328B,iPhone 16 Plus 256GB White,N,Y,Device
G102328C,iPhone 16 Plus 256GB Pink,N,Y,Device
G102328D,iPhone 16 Plus 256GB Ultramarine,N,Y,Device
G102328E,iPhone 16 Plus 256GB Teal,N,Y,Device
G102329A,iPhone 16 Plus 512GB Black,N,Y,Device
G102329B,iPhone 16 Plus 512GB White,N,Y,Device
G102329C,iPhone 16 Plus 512GB Pink,N,Y,Device
G102329D,iPhone 16 Plus 512GB Ultramarine,N,Y,Device
G102329E,iPhone 16 Plus 512GB Teal,N,Y,Device
G102330A,iPhone 16 Pro 128GB Black Titanium,N,Y,Device
G102330B,iPhone 16 Pro 128GB White Titanium,N,Y,Device
G102330C,iPhone 16 Pro 128GB Desert Titanium,N,Y,Device
G102330D,iPhone 16 Pro 128GB Natural Titanium,N,Y,Device
G102331A,iPhone 16 Pro 256GB Black Titanium,N,Y,Device
G102331B,iPhone 16 Pro 256GB White Titanium,N,Y,Device
G102331C,iPhone 16 Pro 256GB Desert Titanium,N,Y,Device
G102331D,iPhone 16 Pro 256GB Natural Titanium,N,Y,Device
G102332A,iPhone 16 Pro 512GB Black Titanium,N,Y,Device
G102332B,iPhone 16 Pro 512GB White Titanium,N,Y,Device
G102332C,iPhone 16 Pro 512GB Desert Titanium,N,Y,Device
G102332D,iPhone 16 Pro 512GB Natural Titanium,N,Y,Device
G102333A,iPhone 16 Pro 1TB Black Titanium,N,Y,Device
G102333B,iPhone 16 Pro 1TB White Titanium,N,Y,Device
G102333C,iPhone 16 Pro 1TB Desert Titanium,N,Y,Device
G102333D,iPhone 16 Pro 1TB Natural Titanium,N,Y,Device
G102334A,iPhone 16 Pro Max 256GB Black Titanium,N,Y,Device
G102334B,iPhone 16 Pro Max 256GB White Titanium,N,Y,Device
G102334C,iPhone 16 Pro Max 256GB Desert Titanium,N,Y,Device
G102334D,iPhone 16 Pro Max 256GB Natural Titanium,N,Y,Device
G102335A,iPhone 16 Pro Max 512GB Black Titanium,N,Y,Device
G102335B,iPhone 16 Pro Max 512GB White Titanium,N,Y,Device
G102335C,iPhone 16 Pro Max 512GB Desert Titanium,N,Y,Device
G102335D,iPhone 16 Pro Max 512GB Natural Titanium,N,Y,Device
G102336A,iPhone 16 Pro Max 1TB Black Titanium,N,Y,Device
G102336B,iPhone 16 Pro Max 1TB White Titanium,N,Y,Device
G102336C,iPhone 16 Pro Max 1TB Desert Titanium,N,Y,Device
G102336D,iPhone 16 Pro Max 1TB Natural Titanium,N,Y,Device
G102350A,iPhone 16 Clear Case with MagSafe,N,Y,Device
G102351A,iPhone 16 Plus Clear Case with MagSafe,N,Y,Device
G102352A,iPhone 16 Pro Clear Case with MagSafe,N,Y,Device
G102353A,iPhone 16 Pro Max Clear Case with MagSafe,N,Y,Device
G102354A,Sonos ROAM 2 Black,N,Y,Device
G102354B,Sonos ROAM 2 White,N,Y,Device
G102355A,Sonos ERA 100 Black,N,Y,Device
G102355B,Sonos ERA 100 White,N,Y,Device
G102356A,Sonos ERA 300 Black,N,Y,Device
G102356B,Sonos ERA 300 White,N,Y,Device
G102357A,Sonos Move 2 Black,N,Y,Device
G102357B,Sonos Move 2 White,N,Y,Device
G102358A,Sonos FIVE Black,N,Y,Device
G102358B,Sonos FIVE White,N,Y,Device
G102359A,Sonos RAY Black,N,Y,Device
G102359B,Sonos RAY White,N,Y,Device
G102360A,Sonos BEAM Gen2 Black,N,Y,Device
G102360B,Sonos BEAM Gen2 White,N,Y,Device
G102361A,Sonos SUB Mini Black,N,Y,Device
G102361B,Sonos SUB Mini White,N,Y,Device
G102362A,Sonos ARC Black,N,Y,Device
G102362B,Sonos ARC White,N,Y,Device
G102363A,Sonos SUB Gen3 Black,N,Y,Device
G102363B,Sonos SUB Gen3 White,N,Y,Device
G102366A,Backbone One Black,N,Y,Device
G102367A,Backbone One PlayStation Edition,N,Y,Device
G102368A,Apple Watch S10 GPS 42mm Silver Alum/Blue Cloud Sport Loop,N,Y,Device
G102369B,Apple Watch S10 GPS 42mm Jet Black Alum/Ink Sport Loop,N,Y,Device
G102370C,Apple Watch S10 GPS 42mm Rose Gold Alum/Plum Sport Loop,N,Y,Device
G102371A,Apple Watch S10 GPS 46mm Silver Alum/Blue Cloud Sport Loop,N,Y,Device
G102372B,Apple Watch S10 GPS 46mm Jet Black Alum/Ink Sport Loop,N,Y,Device
G102373C,Apple Watch S10 GPS 46mm Rose Gold Alum/Plum Sport Loop,N,Y,Device
G102374A,Apple Watch Ultra 2 49mm Natural Titanium with Navy Ocean Band,N,Y,Device
G102375A,Apple Watch Ultra 2 49mm Black Titanium Case with Black Ocean Band,N,Y,Device
G102376A,AirPods 4,N,Y,Device
G102377A,AirPods 4 with Active Noise Cancellation,N,Y,Device
G102378A,iPhone 12 64GB Black - Pre Loved (Very Good),N,Y,Device
G102379A,iPhone 13 128GB Black - Pre Loved (Very Good),N,Y,Device
I100704,Apple 20W USB-C Power Adapter,N,Y,Device
I100705,Apple MagSafe Charger,N,Y,Device
I101450,No Router Required,N,Y,Device
I101451A,No Mesh Required,N,Y,Device
I101456,Basic Home Gateway (Router),N,Y,Device
I101456A,Basic Home Gateway (Router),N,Y,Device
I101456B,Basic Home Gateway (Router),N,Y,Device
I101456D,Basic Home Gateway (Router),N,Y,Device
I101470,Apple AirTag (1 Pack),N,Y,Device
I101471,Apple AirTag (4 Pack),N,Y,Device
I101572,Standard Home Gateway (Router),N,Y,Device
I101572A,Standard Home Gateway (Router),N,Y,Device
I101572B,Standard Home Gateway (Router),N,Y,Device
I101572D,Standard Home Gateway (Router),N,Y,Device
I101573,Mesh Wi-Fi Extender,N,Y,Device
I101573A,Mesh Wi-Fi Extender,N,Y,Device
I101573B,Mesh Wi-Fi Extender,N,Y,Device
I101607A,10.2-inch iPad Wi-Fi 64GB - Silver,N,Y,Device
I101607B,10.2-inch iPad Wi-Fi 64GB - Space Grey,N,Y,Device
I101646A,Nintendo Switch Neon Red/Neon Blue (OLED Model),N,Y,Device
I101649B,Xperia 5 III 128GB Green,N,Y,Device
I101685,Airpods (3rd Gen),N,Y,Device
I101726,Samsung 45W Super Fast Charger 2.0 (with Cable),N,Y,Device
I101728,Samsung USB C to C Cable (5A for Super Fast Charge 2.0),N,Y,Device
I101765A,iPhone SE 64GB Midnight (2022),N,Y,Device
I101765B,iPhone SE 64GB Starlight (2022),N,Y,Device
I101765C,iPhone SE 64GB (PRODUCT)RED (2022),N,Y,Device
I101766A,iPhone SE 128GB Midnight (2022),N,Y,Device
I101766B,iPhone SE 128GB Starlight (2022),N,Y,Device
I101766C,iPhone SE 128GB (PRODUCT)RED (2022),N,Y,Device
I101767A,iPhone SE 256GB Midnight (2022),N,Y,Device
I101767B,iPhone SE 256GB Starlight (2022),N,Y,Device
I101767C,iPhone SE 256GB (PRODUCT)RED (2022),N,Y,Device
I101778C,Samsung Galaxy A33 128GB Peach,N,Y,Device
I101778D,Samsung Galaxy A33 128GB White,N,Y,Device
I101779B,Samsung Galaxy A53 128GB White,N,Y,Device
I101814A,Xperia 1 IV Black,N,Y,Device
I101814B,Xperia 1 IV Purple,N,Y,Device
I101816B,Xperia 10 IV Lavender,N,Y,Device
I101816C,Xperia 10 IV White,N,Y,Device
I101818,Apple USB-C to Lightning Cable -  1M,N,Y,Device
I101857F,iPhone 14 128GB Yellow,N,Y,Device
I101858A,iPhone 14 256GB Midnight,N,Y,Device
I101861A,iPhone 14 Plus 512GB Midnight,N,Y,Device
I101861F,iPhone 14 Plus 512GB Yellow,N,Y,Device
I101863A,iPhone 14 Pro 128GB Space Black,N,Y,Device
I101863C,iPhone 14 Pro 128GB Gold,N,Y,Device
I101864B,iPhone 14 Pro 256GB Silver,N,Y,Device
I101864C,iPhone 14 Pro 256GB Gold,N,Y,Device
I101864D,iPhone 14 Pro 256GB Deep Purple,N,Y,Device
I101865A,iPhone 14 Pro 512GB Space Black,N,Y,Device
I101865B,iPhone 14 Pro 512GB Silver,N,Y,Device
I101865C,iPhone 14 Pro 512GB Gold,N,Y,Device
I101866C,iPhone 14 Pro 1TB Gold,N,Y,Device
I101867D,iPhone 14 Pro Max 128GB Deep Purple,N,Y,Device
I101868A,iPhone 14 Pro Max 256GB Space Black,N,Y,Device
I101868C,iPhone 14 Pro Max 256GB Gold,N,Y,Device
I101869A,iPhone 14 Pro Max 512GB Space Black,N,Y,Device
I101869D,iPhone 14 Pro Max 512GB Deep Purple,N,Y,Device
I101870A,iPhone 14 Pro Max 1TB Space Black,N,Y,Device
I101870B,iPhone 14 Pro Max 1TB Silver,N,Y,Device
I101870C,iPhone 14 Pro Max 1TB Gold,N,Y,Device
I101870D,iPhone 14 Pro Max 1TB Deep Purple,N,Y,Device
I101871A,Apple Watch SE GPS 40mm Starlight Sport Band,N,Y,Device
I101880A,Apple Watch Series 8 GPS 45mm Starlight Sport Band,N,Y,Device
I101888A,Apple Watch Series 8 GPS 45mm Midnight Sport Band,N,Y,Device
I101901A,Galaxy A23 Black,N,Y,Device
I101901C,Samsung Galaxy A23 White,N,Y,Device
I101902A,Samsung Galaxy A04s Black,N,Y,Device
I101902B,Samsung Galaxy A04s White,N,Y,Device
I101906A,Xperia 5 IV 128GB Black,N,Y,Device
I101906B,Xperia 5 IV 128GB Green,N,Y,Device
I101910,Apple iPhone SE (3rd generation) midnight silicone case,N,Y,Device
I101940A,PS5 Bundle,N,Y,Device
I101992A,Galaxy S23 5G 128GB Black,N,Y,Device
I101992B,Galaxy S23 5G 128GB Cream,N,Y,Device
I101992C,Galaxy S23 5G 128GB Green,N,Y,Device
I101992D,Galaxy S23 5G 128GB Lavender,N,Y,Device
I101993A,Galaxy S23 5G 256GB Black,N,Y,Device
I101993B,Galaxy S23 5G 256GB Cream,N,Y,Device
I101993C,Galaxy S23 5G 256GB Green,N,Y,Device
I101993D,Galaxy S23 5G 256GB Lavender,N,Y,Device
I101994A,Galaxy S23 Ultra 5G 256GB Black,N,Y,Device
I101994B,Galaxy S23 Ultra 5G 256GB Cream,N,Y,Device
I101994C,Galaxy S23 Ultra 5G 256GB Green,N,Y,Device
I101994D,Galaxy S23 Ultra 5G 256GB Lavender,N,Y,Device
I101995A,Galaxy S23 Ultra 5G 512GB Black,N,Y,Device
I101995B,Galaxy S23 Ultra 5G 512GB Cream,N,Y,Device
I101995C,Galaxy S23 Ultra 5G 512GB Green,N,Y,Device
I101995D,Galaxy S23 Ultra 5G 512GB Lavender,N,Y,Device
I101996A,Galaxy S23+ 5G 256GB Black,N,Y,Device
I101996B,Galaxy S23+ 5G 256GB Cream,N,Y,Device
I101996C,Galaxy S23+ 5G 256GB Green,N,Y,Device
I101996D,Galaxy S23+ 5G 256GB Lavender,N,Y,Device
I101997A,Galaxy S23+ 5G 512GB Black,N,Y,Device
I101997B,Galaxy S23+ 5G 512GB Cream,N,Y,Device
I101997C,Galaxy S23+ 5G 512GB Green,N,Y,Device
I101997D,Galaxy S23+ 5G 512GB Lavender,N,Y,Device
I102002A,Galaxy A14 4G 64GB - Black,N,Y,Device
I102002B,Galaxy A14 4G 64GB - Green,N,Y,Device
I102002C,Galaxy A14 4G 64GB - Silver,N,Y,Device
I102005A,iPad Wi-Fi 64GB Blue (10th Gen),N,Y,Device
I102005B,iPad Wi-Fi 64GB Yellow (10th Gen),N,Y,Device
I102005C,iPad Wi-Fi 64GB Pink (10th Gen),N,Y,Device
I102005D,iPad Wi-Fi 64GB Silver (10th Gen),N,Y,Device
I102006A,HomePod - Midnight,N,Y,Device
I102006B,HomePod - White,N,Y,Device
I102042A,Galaxy A34 5G 128GB - Black,N,Y,Device
I102042B,Galaxy A34 5G 128GB - Green,N,Y,Device
I102042C,Galaxy A34 5G 128GB - Violet,N,Y,Device
I102042D,Galaxy A34 5G 128GB - Silver,N,Y,Device
I102043A,Galaxy A34 5G 256GB - Green,N,Y,Device
I102043B,Galaxy A34 5G 256GB - Violet,N,Y,Device
I102043C,Galaxy A34 5G 256GB - Black,N,Y,Device
I102043D,Galaxy A34 5G 256GB - Silver,N,Y,Device
I102044A,Galaxy A54 5G 128GB - Black,N,Y,Device
I102044B,Galaxy A54 5G 128GB - Green,N,Y,Device
I102044C,Galaxy A54 5G 128GB - Violet,N,Y,Device
I102044D,Galaxy A54 5G 128GB - White,N,Y,Device
I102061A,Honor X7a 4G,N,Y,Device
I102061B,Honor X7a 4G,N,Y,Device
I102061C,Honor X7a 4G,N,Y,Device
I102062A,Sony Xperia 1 V ,N,Y,Device
I102062B,Sony Xperia 1 V,N,Y,Device
I102063A,Sony Xperia 10 V,N,Y,Device
I102063B,Sony Xperia 10 V,N,Y,Device
I102063C,Sony Xperia 10 V,N,Y,Device
I102063D,Sony Xperia 10 V,N,Y,Device
I102107A,Galaxy Z Flip5 256GB Mint,N,Y,Device
I102107B,Galaxy Z Flip5 256GB Lavender,N,Y,Device
I102107C,Galaxy Z Flip5 256GB Graphite,N,Y,Device
I102107D,Galaxy Z Flip5 256GB Cream,N,Y,Device
I102108A,Galaxy Z Flip5 512GB Mint,N,Y,Device
I102108B,Galaxy Z Flip5 512GB Lavender,N,Y,Device
I102108C,Galaxy Z Flip5 512GB Graphite,N,Y,Device
I102108D,Galaxy Z Flip5 512GB Cream,N,Y,Device
I102109A,Galaxy Z Fold5 256GB Icy Blue,N,Y,Device
I102109B,Galaxy Z Fold5 256GB Cream,N,Y,Device
I102109C,Galaxy Z Fold5 256GB Phantom Black,N,Y,Device
I102110A,Galaxy Z Fold5 512GB Icy Blue,N,Y,Device
I102110B,Galaxy Z Fold5 512GB Cream,N,Y,Device
I102110C,Galaxy Z Fold5 512GB Phantom Black,N,Y,Device
I102111A,Galaxy Watch6 BT 40mm Graphite,N,Y,Device
I102111B,Galaxy Watch6 BT 40mm Cream,N,Y,Device
I102112A,Galaxy Watch6 BT 44mm Graphite,N,Y,Device
I102112B,Galaxy Watch6 BT 44mm Silver,N,Y,Device
I102113A,Galaxy Watch6 Classic BT 43mm Black,N,Y,Device
I102113B,Galaxy Watch6 Classic BT 43mm Silver,N,Y,Device
I102114A,Galaxy Watch6 Classic BT 47mm Black,N,Y,Device
I102114B,Galaxy Watch6 Classic BT 47mm Silver,N,Y,Device
I102127A,iPhone 15 128GB Black,N,Y,Device
I102127B,iPhone 15 128GB Pink,N,Y,Device
I102127C,iPhone 15 128GB Yellow,N,Y,Device
I102127D,iPhone 15 128GB Blue,N,Y,Device
I102127E,iPhone 15 128GB Green,N,Y,Device
I102128A,iPhone 15 256GB Black,N,Y,Device
I102128B,iPhone 15 256GB Pink,N,Y,Device
I102128C,iPhone 15 256GB Yellow,N,Y,Device
I102128D,iPhone 15 256GB Blue,N,Y,Device
I102128E,iPhone 15 256GB Green,N,Y,Device
I102129A,iPhone 15 512GB Black,N,Y,Device
I102129B,iPhone 15 512GB Pink,N,Y,Device
I102129C,iPhone 15 512GB Yellow,N,Y,Device
I102129D,iPhone 15 512GB Blue,N,Y,Device
I102129E,iPhone 15 512GB Green,N,Y,Device
I102130A,iPhone 15 Plus 128GB Black,N,Y,Device
I102130B,iPhone 15 Plus 128GB Pink,N,Y,Device
I102130C,iPhone 15 Plus 128GB Yellow,N,Y,Device
I102130D,iPhone 15 Plus 128GB Blue,N,Y,Device
I102130E,iPhone 15 Plus 128GB Green,N,Y,Device
I102131A,iPhone 15 Plus 256GB Black,N,Y,Device
I102131B,iPhone 15 Plus 256GB Pink,N,Y,Device
I102131C,iPhone 15 Plus 256GB Yellow,N,Y,Device
I102131D,iPhone 15 Plus 256GB Blue,N,Y,Device
I102131E,iPhone 15 Plus 256GB Green,N,Y,Device
I102132A,iPhone 15 Plus 512GB Black,N,Y,Device
I102132B,iPhone 15 Plus 512GB Pink,N,Y,Device
I102132C,iPhone 15 Plus 512GB Yellow,N,Y,Device
I102132D,iPhone 15 Plus 512GB Blue,N,Y,Device
I102132E,iPhone 15 Plus 512GB Green,N,Y,Device
I102133A,iPhone 15 Pro 128GB Black Titanium,N,Y,Device
I102133B,iPhone 15 Pro 128GB White Titanium,N,Y,Device
I102133C,iPhone 15 Pro 128GB Natural Titanium,N,Y,Device
I102133D,iPhone 15 Pro 128GB Blue Titanium,N,Y,Device
I102134A,iPhone 15 Pro 256GB Black Titanium,N,Y,Device
I102134B,iPhone 15 Pro 256GB White Titanium,N,Y,Device
I102134C,iPhone 15 Pro 256GB Natural Titanium,N,Y,Device
I102134D,iPhone 15 Pro 256GB Blue Titanium,N,Y,Device
I102135A,iPhone 15 Pro 512GB Black Titanium,N,Y,Device
I102135B,iPhone 15 Pro 512GB White Titanium,N,Y,Device
I102135C,iPhone 15 Pro 512GB Natural Titanium,N,Y,Device
I102135D,iPhone 15 Pro 512GB Blue Titanium,N,Y,Device
I102136A,iPhone 15 Pro 1TB Black Titanium,N,Y,Device
I102136B,iPhone 15 Pro 1TB White Titanium,N,Y,Device
I102136C,iPhone 15 Pro 1TB Natural Titanium,N,Y,Device
I102136D,iPhone 15 Pro 1TB Blue Titanium,N,Y,Device
I102137A,iPhone 15 Pro Max 256GB Black Titanium,N,Y,Device
I102137B,iPhone 15 Pro Max 256GB White Titanium,N,Y,Device
I102137C,iPhone 15 Pro Max 256GB Natural Titanium,N,Y,Device
I102137D,iPhone 15 Pro Max 256GB Blue Titanium,N,Y,Device
I102138A,iPhone 15 Pro Max 512GB Black Titanium,N,Y,Device
I102138B,iPhone 15 Pro Max 512GB White Titanium,N,Y,Device
I102138C,iPhone 15 Pro Max 512GB Natural Titanium,N,Y,Device
I102138D,iPhone 15 Pro Max 512GB Blue Titanium,N,Y,Device
I102139A,iPhone 15 Pro Max 1TB Black Titanium,N,Y,Device
I102139B,iPhone 15 Pro Max 1TB White Titanium,N,Y,Device
I102139C,iPhone 15 Pro Max 1TB Natural Titanium,N,Y,Device
I102139D,iPhone 15 Pro Max 1TB Blue Titanium,N,Y,Device
I102187,Apple USB-C Charge Cable (2m),N,Y,Device
I102188,Apple iPhone 15 Clear Case MagSafe,N,Y,Device
I102189,Apple iPhone 15 Plus Clear Case MagSafe,N,Y,Device
I102190,Apple iPhone 15 Pro Clear Case MagSafe,N,Y,Device
I102191,Apple iPhone 15 Pro Max Clear Case MagSafe,N,Y,Device
I102192,Apple 35W Dual USB-C Port Power Adapter,N,Y,Device
I102204A,AirPods Pro (2nd generation) (USB C),N,Y,Device
I102205A,Apple Watch Series 9 Starlight 41mm S/M,N,Y,Device
I102205B,Apple Watch Series 9 Starlight 41mm M/L,N,Y,Device
I102206A,Apple Watch Series 9 GPS 41mm S/M,N,Y,Device
I102206B,Apple Watch Series 9 Midnight 41mm M/L,N,Y,Device
I102207A,Apple Watch Series 9 Starlight 45mm S/M,N,Y,Device
I102207B,Apple Watch Series 9 Starlight 45mm M/L,N,Y,Device
I102208A,Apple Watch Series 9 Midnight 45mm S/M,N,Y,Device
I102208B,Apple Watch Series 9 Midnight 45mm M/L,N,Y,Device
I102209A,Apple Watch SE Starlight 40mm S/M (2023),N,Y,Device
I102209B,Apple Watch SE Starlight 40mm M/L (2023),N,Y,Device
I102210A,Apple Watch SE Midnight 40mm S/M (2023),N,Y,Device
I102210B,Apple Watch SE Midnight 40mm M/L (2023),N,Y,Device
I102211A,Apple Watch SE Starlight 44mm S/M (2023),N,Y,Device
I102211B,Apple Watch SE Starlight 44mm M/L (2023),N,Y,Device
I102212A,Apple Watch SE Midnight 44mm S/M (2023),N,Y,Device
I102212B,Apple Watch SE Midnight 44mm M/L (2023),N,Y,Device
I102213A,Apple Watch Ultra 2 GPS + Cellular 49mm with Ocean Band,N,Y,Device
I102214A,Apple Watch Ultra 2 GPS + Cellular 49mm with Trail Loop - S/M,N,Y,Device
I102215B,Apple Watch Ultra 2 GPS + Cellular 49mm with Trail Loop - M/L,N,Y,Device
I102219A,Xperia 5 V Black,N,Y,Device
I102219B,Xperia 5 V Silver,N,Y,Device
I102219C,Xperia 5 V Blue,N,Y,Device
I102230A,PlayStation 5 Console,N,Y,Device
I102232A,iPhone SE 64GB Black - Pre Loved (Very Good),N,Y,Device
I102242A,Galaxy A25 128GB Black,N,Y,Device
I102242B,Galaxy A25 128GB Blue,N,Y,Device
I102242C,Galaxy A25 128GB Yellow,N,Y,Device
I102243A,Galaxy S24 128GB Yellow,N,Y,Device
I102243B,Galaxy S24 128GB Violet,N,Y,Device
I102243C,Galaxy S24 128GB Grey,N,Y,Device
I102243D,Galaxy S24 128GB Black,N,Y,Device
I102244A,Galaxy S24 256GB Yellow,N,Y,Device
I102244B,Galaxy S24 256GB Violet,N,Y,Device
I102244C,Galaxy S24 256GB Grey,N,Y,Device
I102244D,Galaxy S24 256GB Black,N,Y,Device
I102245A,Galaxy S24+ 256GB Yellow,N,Y,Device
I102245B,Galaxy S24+ 256GB Violet,N,Y,Device
I102245C,Galaxy S24+ 256GB Grey,N,Y,Device
I102245D,Galaxy S24+ 256GB Black,N,Y,Device
I102246A,Galaxy S24+ 512GB Yellow,N,Y,Device
I102246B,Galaxy S24+ 512GB Violet,N,Y,Device
I102246C,Galaxy S24+ 512GB Grey,N,Y,Device
I102246D,Galaxy S24+ 512GB Black,N,Y,Device
I102247A,Galaxy S24 Ultra 256GB Yellow,N,Y,Device
I102247B,Galaxy S24 Ultra 256GB Black,N,Y,Device
I102247C,Galaxy S24 Ultra 256GB Grey,N,Y,Device
I102247D,Galaxy S24 Ultra 256GB Violet,N,Y,Device
I102248A,Galaxy S24 Ultra 512GB Yellow,N,Y,Device
I102248B,Galaxy S24 Ultra 512GB Black,N,Y,Device
I102248C,Galaxy S24 Ultra 512GB Grey,N,Y,Device
I102248D,Galaxy S24 Ultra 512GB Violet,N,Y,Device
I102252A,Galaxy Tab A9 WIFI 64GB Blue,N,Y,Device
I102252B,Galaxy Tab A9 WIFI 64GB Grey,N,Y,Device
I102252C,Galaxy Tab A9 WIFI 64GB Silver,N,Y,Device
I102253A,Galaxy Tab A9+ WIFI 64GB Blue,N,Y,Device
I102253B,Galaxy Tab A9+ WIFI 64GB Grey,N,Y,Device
I102253C,Galaxy Tab A9+ WIFI 64GB Silver,N,Y,Device
I102254A,Galaxy A05s 64GB Black,N,Y,Device
I102254B,Galaxy A05s 64GB Green,N,Y,Device
I102254C,Galaxy A05s 64GB Silver,N,Y,Device
I102255A,Galaxy A15 128GB Black,N,Y,Device
I102255B,Galaxy A15 128GB Blue,N,Y,Device
I102255C,Galaxy A15 128GB Yellow,N,Y,Device
I102256A,Samsung 25W Super Fast Charging Travel Adapter - Black,N,Y,Device
I102257A,Samsung 25W Super Fast Charging Travel Adapter - White,N,Y,Device
I102274A,Galaxy A35 128GB Blue,N,Y,Device
I102274B,Galaxy A35 128GB Navy,N,Y,Device
I102274C,Galaxy A35 128GB Yellow,N,Y,Device
I102274D,Galaxy A35 128GB Lilac,N,Y,Device
I102275A,Galaxy A55 128GB Blue,N,Y,Device
I102275B,Galaxy A55 128GB Navy,N,Y,Device
I102275C,Galaxy A55 128GB Yellow,N,Y,Device
I102275D,Galaxy A55 128GB Lilac,N,Y,Device
I102276A,Galaxy SmartTag2 Black,N,Y,Device
I102276B,Galaxy SmartTag2 White,N,Y,Device
I102277A,MacBook Air 13.6 Inch M3 256GB (2024) - Space Grey,N,Y,Device
I102277B,MacBook Air 13.6 Inch M3 8GB RAM 256GB (2024) - Silver,N,Y,Device
I102277C,MacBook Air 13.6 Inch M3 8GB RAM 256GB (2024) - Starlight,N,Y,Device
I102277D,MacBook Air 13.6 Inch M3 8GB RAM 256GB (2024) - Midnight,N,Y,Device
I102282,No Router Required,N,Y,Device
I102283,No Router Required,N,Y,Device
I102284,No Router Required,N,Y,Device
I102285A,Google Pixel 8a 128GB - Black,N,Y,Device
I102298A,Galaxy Z Flip6 256GB Blue,N,Y,Device
I102298B,Galaxy Z Flip6 256GB Yellow,N,Y,Device
I102298C,Galaxy Z Flip6 256GB Green,N,Y,Device
I102298D,Galaxy Z Flip6 256GB Silver,N,Y,Device
I102299A,Galaxy Z Flip6 512GB Blue,N,Y,Device
I102299B,Galaxy Z Flip6 512GB Yellow,N,Y,Device
I102299C,Galaxy Z Flip6 512GB Green,N,Y,Device
I102299D,Galaxy Z Flip6 512GB Silver,N,Y,Device
I102300A,Galaxy Z Fold6 256GB Silver,N,Y,Device
I102300B,Galaxy Z Fold6 256GB Pink,N,Y,Device
I102300C,Galaxy Z Fold6 256GB Blue,N,Y,Device
I102301A,Galaxy Z Fold6 512GB Silver,N,Y,Device
I102301B,Galaxy Z Fold6 512GB Pink,N,Y,Device
I102301C,Galaxy Z Fold6 512GB Blue,N,Y,Device
I102302A,Galaxy Z Fold6 1TB Silver,N,Y,Device
I102302B,Galaxy Z Fold6 1TB Pink,N,Y,Device
I102302C,Galaxy Z Fold6 1TB Blue,N,Y,Device
I102303A,Galaxy Buds3 White,N,Y,Device
I102303B,Galaxy Buds3 Grey,N,Y,Device
I102304A,Galaxy Buds3 Pro White,N,Y,Device
I102304B,Galaxy Buds3 Pro Grey,N,Y,Device
I102305A,Galaxy Watch7 SM Green,N,Y,Device
I102305B,Galaxy Watch7 SM Cream,N,Y,Device
I102306A,Galaxy Watch7 LG Green,N,Y,Device
I102306B,Galaxy Watch7 LG Silver,N,Y,Device
I102307A,Galaxy Watch Ultra Grey,N,Y,Device
I102307B,Galaxy Watch Ultra White,N,Y,Device
I102307C,Galaxy Watch Ultra Silver,N,Y,Device
I102309,No Router Required,N,Y,Device
I102310,No Router Required,N,Y,Device
I102311A,Emporia Joy 4G Black,N,Y,Device
I102312A,Emporia Simplicity 4G Black,N,Y,Device
I102313A,Google Pixel 8 Black,N,Y,Device
I102314A,Google Pixel 8 Pro Black,N,Y,Device
I102316A,Google Pixel 9 128GB Obsidian,N,Y,Device
I102316B,Google Pixel 9 128GB Porcelain,N,Y,Device
I102317A,Google Pixel 9 256GB Obsidian,N,Y,Device
I102317B,Google Pixel 9 256GB Porcelain,N,Y,Device
I102318A,Google Pixel 9 Pro 128GB Obsidian,N,Y,Device
I102318B,Google Pixel 9 Pro 128GB Porcelain,N,Y,Device
I102319A,Google Pixel 9 Pro 256GB  Obsidian,N,Y,Device
I102319B,Google Pixel 9 Pro 256GB  Porcelain,N,Y,Device
I102320A,Google Pixel 9 Pro Fold 256GB Obsidian,N,Y,Device
I102322A,Google Pixel 9 Pro XL 128GB Obsidian,N,Y,Device
I102322B,Google Pixel 9 Pro XL 128GB Porcelain,N,Y,Device
I102323A,Google Pixel 9 Pro XL 256GB Obsidian,N,Y,Device
I102323B,Google Pixel 9 Pro XL 256GB Porcelain,N,Y,Device
I102324A,iPhone 16 128GB Black,N,Y,Device
I102324B,iPhone 16 128GB White,N,Y,Device
I102324C,iPhone 16 128GB Pink,N,Y,Device
I102324D,iPhone 16 128GB Ultramarine,N,Y,Device
I102324E,iPhone 16 128GB Teal,N,Y,Device
I102325A,iPhone 16 256GB Black,N,Y,Device
I102325B,iPhone 16 256GB White,N,Y,Device
I102325C,iPhone 16 256GB Pink,N,Y,Device
I102325D,iPhone 16 256GB Ultramarine,N,Y,Device
I102325E,iPhone 16 256GB Teal,N,Y,Device
I102326A,iPhone 16 512GB Black,N,Y,Device
I102326B,iPhone 16 512GB White,N,Y,Device
I102326C,iPhone 16 512GB Pink,N,Y,Device
I102326D,iPhone 16 512GB Ultramarine,N,Y,Device
I102326E,iPhone 16 512GB Teal,N,Y,Device
I102327A,iPhone 16 Plus 128GB Black,N,Y,Device
I102327B,iPhone 16 Plus 128GB White,N,Y,Device
I102327C,iPhone 16 Plus 128GB Pink,N,Y,Device
I102327D,iPhone 16 Plus 128GB Ultramarine,N,Y,Device
I102327E,iPhone 16 Plus 128GB Teal,N,Y,Device
I102328A,iPhone 16 Plus 256GB Black,N,Y,Device
I102328B,iPhone 16 Plus 256GB White,N,Y,Device
I102328C,iPhone 16 Plus 256GB Pink,N,Y,Device
I102328D,iPhone 16 Plus 256GB Ultramarine,N,Y,Device
I102328E,iPhone 16 Plus 256GB Teal,N,Y,Device
I102329A,iPhone 16 Plus 512GB Black,N,Y,Device
I102329B,iPhone 16 Plus 512GB White,N,Y,Device
I102329C,iPhone 16 Plus 512GB Pink,N,Y,Device
I102329D,iPhone 16 Plus 512GB Ultramarine,N,Y,Device
I102329E,iPhone 16 Plus 512GB Teal,N,Y,Device
I102330A,iPhone 16 Pro 128GB Black Titanium,N,Y,Device
I102330B,iPhone 16 Pro 128GB White Titanium,N,Y,Device
I102330C,iPhone 16 Pro 128GB Desert Titanium,N,Y,Device
I102330D,iPhone 16 Pro 128GB Natural Titanium,N,Y,Device
I102331A,iPhone 16 Pro 256GB Black Titanium,N,Y,Device
I102331B,iPhone 16 Pro 256GB White Titanium,N,Y,Device
I102331C,iPhone 16 Pro 256GB Desert Titanium,N,Y,Device
I102331D,iPhone 16 Pro 256GB Natural Titanium,N,Y,Device
I102332A,iPhone 16 Pro 512GB Black Titanium,N,Y,Device
I102332B,iPhone 16 Pro 512GB White Titanium,N,Y,Device
I102332C,iPhone 16 Pro 512GB Desert Titanium,N,Y,Device
I102332D,iPhone 16 Pro 512GB Natural Titanium,N,Y,Device
I102333A,iPhone 16 Pro 1TB Black Titanium,N,Y,Device
I102333B,iPhone 16 Pro 1TB White Titanium,N,Y,Device
I102333C,iPhone 16 Pro 1TB Desert Titanium,N,Y,Device
I102333D,iPhone 16 Pro 1TB Natural Titanium,N,Y,Device
I102334A,iPhone 16 Pro Max 256GB Black Titanium,N,Y,Device
I102334B,iPhone 16 Pro Max 256GB White Titanium,N,Y,Device
I102334C,iPhone 16 Pro Max 256GB Desert Titanium,N,Y,Device
I102334D,iPhone 16 Pro Max 256GB Natural Titanium,N,Y,Device
I102335A,iPhone 16 Pro Max 512GB Black Titanium,N,Y,Device
I102335B,iPhone 16 Pro Max 512GB White Titanium,N,Y,Device
I102335C,iPhone 16 Pro Max 512GB Desert Titanium,N,Y,Device
I102335D,iPhone 16 Pro Max 512GB Natural Titanium,N,Y,Device
I102336A,iPhone 16 Pro Max 1TB Black Titanium,N,Y,Device
I102336B,iPhone 16 Pro Max 1TB White Titanium,N,Y,Device
I102336C,iPhone 16 Pro Max 1TB Desert Titanium,N,Y,Device
I102336D,iPhone 16 Pro Max 1TB Natural Titanium,N,Y,Device
I102350A,iPhone 16 Clear Case with MagSafe,N,Y,Device
I102351A,iPhone 16 Plus Clear Case with MagSafe,N,Y,Device
I102352A,iPhone 16 Pro Clear Case with MagSafe,N,Y,Device
I102353A,iPhone 16 Pro Max Clear Case with MagSafe,N,Y,Device
I102354A,Sonos ROAM 2 Black,N,Y,Device
I102354B,Sonos ROAM 2 White,N,Y,Device
I102355A,Sonos ERA 100 Black,N,Y,Device
I102355B,Sonos ERA 100 White,N,Y,Device
I102356A,Sonos ERA 300 Black,N,Y,Device
I102356B,Sonos ERA 300 White,N,Y,Device
I102357A,Sonos Move 2 Black,N,Y,Device
I102357B,Sonos Move 2 White,N,Y,Device
I102358A,Sonos FIVE Black,N,Y,Device
I102358B,Sonos FIVE White,N,Y,Device
I102359A,Sonos RAY Black,N,Y,Device
I102359B,Sonos RAY White,N,Y,Device
I102360A,Sonos BEAM Gen2 Black,N,Y,Device
I102360B,Sonos BEAM Gen2 White,N,Y,Device
I102361A,Sonos SUB Mini Black,N,Y,Device
I102361B,Sonos SUB Mini White,N,Y,Device
I102362A,Sonos ARC Black,N,Y,Device
I102362B,Sonos ARC White,N,Y,Device
I102363A,Sonos SUB Gen3 Black,N,Y,Device
I102363B,Sonos SUB Gen3 White,N,Y,Device
I102366A,Backbone One Black,N,Y,Device
I102367A,Backbone One PlayStation Edition,N,Y,Device
I102368A,Apple Watch S10 GPS 42mm Silver Alum/Blue Cloud Sport Loop,N,Y,Device
I102369B,Apple Watch S10 GPS 42mm Jet Black Alum/Ink Sport Loop,N,Y,Device
I102370C,Apple Watch S10 GPS 42mm Rose Gold Alum/Plum Sport Loop,N,Y,Device
I102371A,Apple Watch S10 GPS 46mm Silver Alum/Blue Cloud Sport Loop,N,Y,Device
I102372B,Apple Watch S10 GPS 46mm Jet Black Alum/Ink Sport Loop,N,Y,Device
I102373C,Apple Watch S10 GPS 46mm Rose Gold Alum/Plum Sport Loop,N,Y,Device
I102374A,Apple Watch Ultra 2 49mm Natural Titanium with Navy Ocean Band,N,Y,Device
I102375A,Apple Watch Ultra 2 49mm Black Titanium Case with Black Ocean Band,N,Y,Device
I102376A,AirPods 4,N,Y,Device
I102377A,AirPods 4 with Active Noise Cancellation,N,Y,Device
I102378A,iPhone 12 64GB Black - Pre Loved (Very Good),N,Y,Device
I102379A,iPhone 13 128GB Black - Pre Loved (Very Good),N,Y,Device
J100704,Apple 20W USB-C Power Adapter,N,Y,Device
J100705,Apple MagSafe Charger,N,Y,Device
J101450,No Router Required,N,Y,Device
J101456A,Basic Home Gateway (Router),N,Y,Device
J101470,Apple AirTag (1 Pack),N,Y,Device
J101471,Apple AirTag (4 Pack),N,Y,Device
J101572A,Standard Home Gateway (Router),N,Y,Device
J101573A,Mesh Wi-Fi Extender,N,Y,Device
J101607A,10.2-inch iPad Wi-Fi 64GB - Silver,N,Y,Device
J101607B,10.2-inch iPad Wi-Fi 64GB - Space Grey,N,Y,Device
J101646A,Nintendo Switch Neon Red/Neon Blue (OLED Model),N,Y,Device
J101649B,Xperia 5 III 128GB Green,N,Y,Device
J101685,Airpods (3rd Gen),N,Y,Device
J101726,Samsung 45W Super Fast Charger 2.0 (with Cable),N,Y,Device
J101728,Samsung USB C to C Cable (5A for Super Fast Charge 2.0),N,Y,Device
J101765A,iPhone SE 64GB Midnight (2022),N,Y,Device
J101765B,iPhone SE 64GB Starlight (2022),N,Y,Device
J101765C,iPhone SE 64GB (PRODUCT)RED (2022),N,Y,Device
J101766A,iPhone SE 128GB Midnight (2022),N,Y,Device
J101766B,iPhone SE 128GB Starlight (2022),N,Y,Device
J101766C,iPhone SE 128GB (PRODUCT)RED (2022),N,Y,Device
J101767A,iPhone SE 256GB Midnight (2022),N,Y,Device
J101767B,iPhone SE 256GB Starlight (2022),N,Y,Device
J101767C,iPhone SE 256GB (PRODUCT)RED (2022),N,Y,Device
J101778C,Samsung Galaxy A33 128GB Peach,N,Y,Device
J101778D,Samsung Galaxy A33 128GB White,N,Y,Device
J101779B,Samsung Galaxy A53 128GB White,N,Y,Device
J101814A,Xperia 1 IV Black,N,Y,Device
J101814B,Xperia 1 IV Purple,N,Y,Device
J101816B,Xperia 10 IV Lavender,N,Y,Device
J101816C,Xperia 10 IV White,N,Y,Device
J101818,Apple USB-C to Lightning Cable -  1M,N,Y,Device
J101857F,iPhone 14 128GB Yellow,N,Y,Device
J101858A,iPhone 14 256GB Midnight,N,Y,Device
J101861A,iPhone 14 Plus 512GB Midnight,N,Y,Device
J101861F,iPhone 14 Plus 512GB Yellow,N,Y,Device
J101863A,iPhone 14 Pro 128GB Space Black,N,Y,Device
J101863C,iPhone 14 Pro 128GB Gold,N,Y,Device
J101864B,iPhone 14 Pro 256GB Silver,N,Y,Device
J101864C,iPhone 14 Pro 256GB Gold,N,Y,Device
J101864D,iPhone 14 Pro 256GB Deep Purple,N,Y,Device
J101865A,iPhone 14 Pro 512GB Space Black,N,Y,Device
J101865B,iPhone 14 Pro 512GB Silver,N,Y,Device
J101865C,iPhone 14 Pro 512GB Gold,N,Y,Device
J101866C,iPhone 14 Pro 1TB Gold,N,Y,Device
J101867D,iPhone 14 Pro Max 128GB Deep Purple,N,Y,Device
J101868A,iPhone 14 Pro Max 256GB Space Black,N,Y,Device
J101868C,iPhone 14 Pro Max 256GB Gold,N,Y,Device
J101869A,iPhone 14 Pro Max 512GB Space Black,N,Y,Device
J101869D,iPhone 14 Pro Max 512GB Deep Purple,N,Y,Device
J101870A,iPhone 14 Pro Max 1TB Space Black,N,Y,Device
J101870B,iPhone 14 Pro Max 1TB Silver,N,Y,Device
J101870C,iPhone 14 Pro Max 1TB Gold,N,Y,Device
J101870D,iPhone 14 Pro Max 1TB Deep Purple,N,Y,Device
J101871A,Apple Watch SE GPS 40mm Starlight Sport Band,N,Y,Device
J101880A,Apple Watch Series 8 GPS 45mm Starlight Sport Band,N,Y,Device
J101888A,Apple Watch Series 8 GPS 45mm Midnight Sport Band,N,Y,Device
J101901A,Galaxy A23 Black,N,Y,Device
J101901C,Samsung Galaxy A23 White,N,Y,Device
J101902A,Samsung Galaxy A04s Black,N,Y,Device
J101902B,Samsung Galaxy A04s White,N,Y,Device
J101906A,Xperia 5 IV 128GB Black,N,Y,Device
J101906B,Xperia 5 IV 128GB Green,N,Y,Device
J101910,Apple iPhone SE (3rd generation) midnight silicone case,N,Y,Device
J101940A,PS5 Bundle,N,Y,Device
J101992A,Galaxy S23 5G 128GB Black,N,Y,Device
J101992B,Galaxy S23 5G 128GB Cream,N,Y,Device
J101992C,Galaxy S23 5G 128GB Green,N,Y,Device
J101992D,Galaxy S23 5G 128GB Lavender,N,Y,Device
J101993A,Galaxy S23 5G 256GB Black,N,Y,Device
J101993B,Galaxy S23 5G 256GB Cream,N,Y,Device
J101993C,Galaxy S23 5G 256GB Green,N,Y,Device
J101993D,Galaxy S23 5G 256GB Lavender,N,Y,Device
J101994A,Galaxy S23 Ultra 5G 256GB Black,N,Y,Device
J101994B,Galaxy S23 Ultra 5G 256GB Cream,N,Y,Device
J101994C,Galaxy S23 Ultra 5G 256GB Green,N,Y,Device
J101994D,Galaxy S23 Ultra 5G 256GB Lavender,N,Y,Device
J101995A,Galaxy S23 Ultra 5G 512GB Black,N,Y,Device
J101995B,Galaxy S23 Ultra 5G 512GB Cream,N,Y,Device
J101995C,Galaxy S23 Ultra 5G 512GB Green,N,Y,Device
J101995D,Galaxy S23 Ultra 5G 512GB Lavender,N,Y,Device
J101996A,Galaxy S23+ 5G 256GB Black,N,Y,Device
J101996B,Galaxy S23+ 5G 256GB Cream,N,Y,Device
J101996C,Galaxy S23+ 5G 256GB Green,N,Y,Device
J101996D,Galaxy S23+ 5G 256GB Lavender,N,Y,Device
J101997A,Galaxy S23+ 5G 512GB Black,N,Y,Device
J101997B,Galaxy S23+ 5G 512GB Cream,N,Y,Device
J101997C,Galaxy S23+ 5G 512GB Green,N,Y,Device
J101997D,Galaxy S23+ 5G 512GB Lavender,N,Y,Device
J102002A,Galaxy A14 4G 64GB - Black,N,Y,Device
J102002B,Galaxy A14 4G 64GB - Green,N,Y,Device
J102002C,Galaxy A14 4G 64GB - Silver,N,Y,Device
J102005A,iPad Wi-Fi 64GB Blue (10th Gen),N,Y,Device
J102005B,iPad Wi-Fi 64GB Yellow (10th Gen),N,Y,Device
J102005C,iPad Wi-Fi 64GB Pink (10th Gen),N,Y,Device
J102005D,iPad Wi-Fi 64GB Silver (10th Gen),N,Y,Device
J102006A,HomePod - Midnight,N,Y,Device
J102006B,HomePod - White,N,Y,Device
J102042A,Galaxy A34 5G 128GB - Black,N,Y,Device
J102042B,Galaxy A34 5G 128GB - Green,N,Y,Device
J102042C,Galaxy A34 5G 128GB - Violet,N,Y,Device
J102042D,Galaxy A34 5G 128GB - Silver,N,Y,Device
J102043A,Galaxy A34 5G 256GB - Green,N,Y,Device
J102043B,Galaxy A34 5G 256GB - Violet,N,Y,Device
J102043C,Galaxy A34 5G 256GB - Black,N,Y,Device
J102043D,Galaxy A34 5G 256GB - Silver,N,Y,Device
J102044A,Galaxy A54 5G 128GB - Black,N,Y,Device
J102044B,Galaxy A54 5G 128GB - Green,N,Y,Device
J102044C,Galaxy A54 5G 128GB - Violet,N,Y,Device
J102044D,Galaxy A54 5G 128GB - White,N,Y,Device
J102061A,Honor X7a 4G,N,Y,Device
J102061B,Honor X7a 4G,N,Y,Device
J102061C,Honor X7a 4G,N,Y,Device
J102062A,Sony Xperia 1 V ,N,Y,Device
J102062B,Sony Xperia 1 V,N,Y,Device
J102063A,Sony Xperia 10 V,N,Y,Device
J102063B,Sony Xperia 10 V,N,Y,Device
J102063C,Sony Xperia 10 V,N,Y,Device
J102063D,Sony Xperia 10 V,N,Y,Device
J102107A,Galaxy Z Flip5 256GB Mint,N,Y,Device
J102107B,Galaxy Z Flip5 256GB Lavender,N,Y,Device
J102107C,Galaxy Z Flip5 256GB Graphite,N,Y,Device
J102107D,Galaxy Z Flip5 256GB Cream,N,Y,Device
J102108A,Galaxy Z Flip5 512GB Mint,N,Y,Device
J102108B,Galaxy Z Flip5 512GB Lavender,N,Y,Device
J102108C,Galaxy Z Flip5 512GB Graphite,N,Y,Device
J102108D,Galaxy Z Flip5 512GB Cream,N,Y,Device
J102109A,Galaxy Z Fold5 256GB Icy Blue,N,Y,Device
J102109B,Galaxy Z Fold5 256GB Cream,N,Y,Device
J102109C,Galaxy Z Fold5 256GB Phantom Black,N,Y,Device
J102110A,Galaxy Z Fold5 512GB Icy Blue,N,Y,Device
J102110B,Galaxy Z Fold5 512GB Cream,N,Y,Device
J102110C,Galaxy Z Fold5 512GB Phantom Black,N,Y,Device
J102111A,Galaxy Watch6 BT 40mm Graphite,N,Y,Device
J102111B,Galaxy Watch6 BT 40mm Cream,N,Y,Device
J102112A,Galaxy Watch6 BT 44mm Graphite,N,Y,Device
J102112B,Galaxy Watch6 BT 44mm Silver,N,Y,Device
J102113A,Galaxy Watch6 Classic BT 43mm Black,N,Y,Device
J102113B,Galaxy Watch6 Classic BT 43mm Silver,N,Y,Device
J102114A,Galaxy Watch6 Classic BT 47mm Black,N,Y,Device
J102114B,Galaxy Watch6 Classic BT 47mm Silver,N,Y,Device
J102127A,iPhone 15 128GB Black,N,Y,Device
J102127B,iPhone 15 128GB Pink,N,Y,Device
J102127C,iPhone 15 128GB Yellow,N,Y,Device
J102127D,iPhone 15 128GB Blue,N,Y,Device
J102127E,iPhone 15 128GB Green,N,Y,Device
J102128A,iPhone 15 256GB Black,N,Y,Device
J102128B,iPhone 15 256GB Pink,N,Y,Device
J102128C,iPhone 15 256GB Yellow,N,Y,Device
J102128D,iPhone 15 256GB Blue,N,Y,Device
J102128E,iPhone 15 256GB Green,N,Y,Device
J102129A,iPhone 15 512GB Black,N,Y,Device
J102129B,iPhone 15 512GB Pink,N,Y,Device
J102129C,iPhone 15 512GB Yellow,N,Y,Device
J102129D,iPhone 15 512GB Blue,N,Y,Device
J102129E,iPhone 15 512GB Green,N,Y,Device
J102130A,iPhone 15 Plus 128GB Black,N,Y,Device
J102130B,iPhone 15 Plus 128GB Pink,N,Y,Device
J102130C,iPhone 15 Plus 128GB Yellow,N,Y,Device
J102130D,iPhone 15 Plus 128GB Blue,N,Y,Device
J102130E,iPhone 15 Plus 128GB Green,N,Y,Device
J102131A,iPhone 15 Plus 256GB Black,N,Y,Device
J102131B,iPhone 15 Plus 256GB Pink,N,Y,Device
J102131C,iPhone 15 Plus 256GB Yellow,N,Y,Device
J102131D,iPhone 15 Plus 256GB Blue,N,Y,Device
J102131E,iPhone 15 Plus 256GB Green,N,Y,Device
J102132A,iPhone 15 Plus 512GB Black,N,Y,Device
J102132B,iPhone 15 Plus 512GB Pink,N,Y,Device
J102132C,iPhone 15 Plus 512GB Yellow,N,Y,Device
J102132D,iPhone 15 Plus 512GB Blue,N,Y,Device
J102132E,iPhone 15 Plus 512GB Green,N,Y,Device
J102133A,iPhone 15 Pro 128GB Black Titanium,N,Y,Device
J102133B,iPhone 15 Pro 128GB White Titanium,N,Y,Device
J102133C,iPhone 15 Pro 128GB Natural Titanium,N,Y,Device
J102133D,iPhone 15 Pro 128GB Blue Titanium,N,Y,Device
J102134A,iPhone 15 Pro 256GB Black Titanium,N,Y,Device
J102134B,iPhone 15 Pro 256GB White Titanium,N,Y,Device
J102134C,iPhone 15 Pro 256GB Natural Titanium,N,Y,Device
J102134D,iPhone 15 Pro 256GB Blue Titanium,N,Y,Device
J102135A,iPhone 15 Pro 512GB Black Titanium,N,Y,Device
J102135B,iPhone 15 Pro 512GB White Titanium,N,Y,Device
J102135C,iPhone 15 Pro 512GB Natural Titanium,N,Y,Device
J102135D,iPhone 15 Pro 512GB Blue Titanium,N,Y,Device
J102136A,iPhone 15 Pro 1TB Black Titanium,N,Y,Device
J102136B,iPhone 15 Pro 1TB White Titanium,N,Y,Device
J102136C,iPhone 15 Pro 1TB Natural Titanium,N,Y,Device
J102136D,iPhone 15 Pro 1TB Blue Titanium,N,Y,Device
J102137A,iPhone 15 Pro Max 256GB Black Titanium,N,Y,Device
J102137B,iPhone 15 Pro Max 256GB White Titanium,N,Y,Device
J102137C,iPhone 15 Pro Max 256GB Natural Titanium,N,Y,Device
J102137D,iPhone 15 Pro Max 256GB Blue Titanium,N,Y,Device
J102138A,iPhone 15 Pro Max 512GB Black Titanium,N,Y,Device
J102138B,iPhone 15 Pro Max 512GB White Titanium,N,Y,Device
J102138C,iPhone 15 Pro Max 512GB Natural Titanium,N,Y,Device
J102138D,iPhone 15 Pro Max 512GB Blue Titanium,N,Y,Device
J102139A,iPhone 15 Pro Max 1TB Black Titanium,N,Y,Device
J102139B,iPhone 15 Pro Max 1TB White Titanium,N,Y,Device
J102139C,iPhone 15 Pro Max 1TB Natural Titanium,N,Y,Device
J102139D,iPhone 15 Pro Max 1TB Blue Titanium,N,Y,Device
J102187,Apple USB-C Charge Cable (2m),N,Y,Device
J102188,Apple iPhone 15 Clear Case MagSafe,N,Y,Device
J102189,Apple iPhone 15 Plus Clear Case MagSafe,N,Y,Device
J102190,Apple iPhone 15 Pro Clear Case MagSafe,N,Y,Device
J102191,Apple iPhone 15 Pro Max Clear Case MagSafe,N,Y,Device
J102192,Apple 35W Dual USB-C Port Power Adapter,N,Y,Device
J102204A,AirPods Pro (2nd generation) (USB C),N,Y,Device
J102205A,Apple Watch Series 9 Starlight 41mm S/M,N,Y,Device
J102205B,Apple Watch Series 9 Starlight 41mm M/L,N,Y,Device
J102206A,Apple Watch Series 9 GPS 41mm S/M,N,Y,Device
J102206B,Apple Watch Series 9 Midnight 41mm M/L,N,Y,Device
J102207A,Apple Watch Series 9 Starlight 45mm S/M,N,Y,Device
J102207B,Apple Watch Series 9 Starlight 45mm M/L,N,Y,Device
J102208A,Apple Watch Series 9 Midnight 45mm S/M,N,Y,Device
J102208B,Apple Watch Series 9 Midnight 45mm M/L,N,Y,Device
J102209A,Apple Watch SE Starlight 40mm S/M (2023),N,Y,Device
J102209B,Apple Watch SE Starlight 40mm M/L (2023),N,Y,Device
J102210A,Apple Watch SE Midnight 40mm S/M (2023),N,Y,Device
J102210B,Apple Watch SE Midnight 40mm M/L (2023),N,Y,Device
J102211A,Apple Watch SE Starlight 44mm S/M (2023),N,Y,Device
J102211B,Apple Watch SE Starlight 44mm M/L (2023),N,Y,Device
J102212A,Apple Watch SE Midnight 44mm S/M (2023),N,Y,Device
J102212B,Apple Watch SE Midnight 44mm M/L (2023),N,Y,Device
J102213A,Apple Watch Ultra 2 GPS + Cellular 49mm with Ocean Band,N,Y,Device
J102214A,Apple Watch Ultra 2 GPS + Cellular 49mm with Trail Loop - S/M,N,Y,Device
J102215B,Apple Watch Ultra 2 GPS + Cellular 49mm with Trail Loop - M/L,N,Y,Device
J102219A,Xperia 5 V Black,N,Y,Device
J102219B,Xperia 5 V Silver,N,Y,Device
J102219C,Xperia 5 V Blue,N,Y,Device
J102230A,PlayStation 5 Console,N,Y,Device
J102232A,iPhone SE 64GB Black - Pre Loved (Very Good),N,Y,Device
J102242A,Galaxy A25 128GB Black,N,Y,Device
J102242B,Galaxy A25 128GB Blue,N,Y,Device
J102242C,Galaxy A25 128GB Yellow,N,Y,Device
J102243A,Galaxy S24 128GB Yellow,N,Y,Device
J102243B,Galaxy S24 128GB Violet,N,Y,Device
J102243C,Galaxy S24 128GB Grey,N,Y,Device
J102243D,Galaxy S24 128GB Black,N,Y,Device
J102244A,Galaxy S24 256GB Yellow,N,Y,Device
J102244B,Galaxy S24 256GB Violet,N,Y,Device
J102244C,Galaxy S24 256GB Grey,N,Y,Device
J102244D,Galaxy S24 256GB Black,N,Y,Device
J102245A,Galaxy S24+ 256GB Yellow,N,Y,Device
J102245B,Galaxy S24+ 256GB Violet,N,Y,Device
J102245C,Galaxy S24+ 256GB Grey,N,Y,Device
J102245D,Galaxy S24+ 256GB Black,N,Y,Device
J102246A,Galaxy S24+ 512GB Yellow,N,Y,Device
J102246B,Galaxy S24+ 512GB Violet,N,Y,Device
J102246C,Galaxy S24+ 512GB Grey,N,Y,Device
J102246D,Galaxy S24+ 512GB Black,N,Y,Device
J102247A,Galaxy S24 Ultra 256GB Yellow,N,Y,Device
J102247B,Galaxy S24 Ultra 256GB Black,N,Y,Device
J102247C,Galaxy S24 Ultra 256GB Grey,N,Y,Device
J102247D,Galaxy S24 Ultra 256GB Violet,N,Y,Device
J102248A,Galaxy S24 Ultra 512GB Yellow,N,Y,Device
J102248B,Galaxy S24 Ultra 512GB Black,N,Y,Device
J102248C,Galaxy S24 Ultra 512GB Grey,N,Y,Device
J102248D,Galaxy S24 Ultra 512GB Violet,N,Y,Device
J102252A,Galaxy Tab A9 WIFI 64GB Blue,N,Y,Device
J102252B,Galaxy Tab A9 WIFI 64GB Grey,N,Y,Device
J102252C,Galaxy Tab A9 WIFI 64GB Silver,N,Y,Device
J102253A,Galaxy Tab A9+ WIFI 64GB Blue,N,Y,Device
J102253B,Galaxy Tab A9+ WIFI 64GB Grey,N,Y,Device
J102253C,Galaxy Tab A9+ WIFI 64GB Silver,N,Y,Device
J102254A,Galaxy A05s 64GB Black,N,Y,Device
J102254B,Galaxy A05s 64GB Green,N,Y,Device
J102254C,Galaxy A05s 64GB Silver,N,Y,Device
J102255A,Galaxy A15 128GB Black,N,Y,Device
J102255B,Galaxy A15 128GB Blue,N,Y,Device
J102255C,Galaxy A15 128GB Yellow,N,Y,Device
J102256A,Samsung 25W Super Fast Charging Travel Adapter - Black,N,Y,Device
J102257A,Samsung 25W Super Fast Charging Travel Adapter - White,N,Y,Device
J102274A,Galaxy A35 128GB Blue,N,Y,Device
J102274B,Galaxy A35 128GB Navy,N,Y,Device
J102274C,Galaxy A35 128GB Yellow,N,Y,Device
J102274D,Galaxy A35 128GB Lilac,N,Y,Device
J102275A,Galaxy A55 128GB Blue,N,Y,Device
J102275B,Galaxy A55 128GB Navy,N,Y,Device
J102275C,Galaxy A55 128GB Yellow,N,Y,Device
J102275D,Galaxy A55 128GB Lilac,N,Y,Device
J102276A,Galaxy SmartTag2 Black,N,Y,Device
J102276B,Galaxy SmartTag2 White,N,Y,Device
J102277A,MacBook Air 13.6 Inch M3 256GB (2024) - Space Grey,N,Y,Device
J102277B,MacBook Air 13.6 Inch M3 8GB RAM 256GB (2024) - Silver,N,Y,Device
J102277C,MacBook Air 13.6 Inch M3 8GB RAM 256GB (2024) - Starlight,N,Y,Device
J102277D,MacBook Air 13.6 Inch M3 8GB RAM 256GB (2024) - Midnight,N,Y,Device
J102282,No Router Required,N,Y,Device
J102283,No Router Required,N,Y,Device
J102284,No Router Required,N,Y,Device
J102285A,Google Pixel 8a 128GB - Black,N,Y,Device
J102298A,Galaxy Z Flip6 256GB Blue,N,Y,Device
J102298B,Galaxy Z Flip6 256GB Yellow,N,Y,Device
J102298C,Galaxy Z Flip6 256GB Green,N,Y,Device
J102298D,Galaxy Z Flip6 256GB Silver,N,Y,Device
J102299A,Galaxy Z Flip6 512GB Blue,N,Y,Device
J102299B,Galaxy Z Flip6 512GB Yellow,N,Y,Device
J102299C,Galaxy Z Flip6 512GB Green,N,Y,Device
J102299D,Galaxy Z Flip6 512GB Silver,N,Y,Device
J102300A,Galaxy Z Fold6 256GB Silver,N,Y,Device
J102300B,Galaxy Z Fold6 256GB Pink,N,Y,Device
J102300C,Galaxy Z Fold6 256GB Blue,N,Y,Device
J102301A,Galaxy Z Fold6 512GB Silver,N,Y,Device
J102301B,Galaxy Z Fold6 512GB Pink,N,Y,Device
J102301C,Galaxy Z Fold6 512GB Blue,N,Y,Device
J102302A,Galaxy Z Fold6 1TB Silver,N,Y,Device
J102302B,Galaxy Z Fold6 1TB Pink,N,Y,Device
J102302C,Galaxy Z Fold6 1TB Blue,N,Y,Device
J102303A,Galaxy Buds3 White,N,Y,Device
J102303B,Galaxy Buds3 Grey,N,Y,Device
J102304A,Galaxy Buds3 Pro White,N,Y,Device
J102304B,Galaxy Buds3 Pro Grey,N,Y,Device
J102305A,Galaxy Watch7 SM Green,N,Y,Device
J102305B,Galaxy Watch7 SM Cream,N,Y,Device
J102306A,Galaxy Watch7 LG Green,N,Y,Device
J102306B,Galaxy Watch7 LG Silver,N,Y,Device
J102307A,Galaxy Watch Ultra Grey,N,Y,Device
J102307B,Galaxy Watch Ultra White,N,Y,Device
J102307C,Galaxy Watch Ultra Silver,N,Y,Device
J102309,No Router Required,N,Y,Device
J102310,No Router Required,N,Y,Device
J102311A,Emporia Joy 4G Black,N,Y,Device
J102312A,Emporia Simplicity 4G Black,N,Y,Device
J102313A,Google Pixel 8 Black,N,Y,Device
J102314A,Google Pixel 8 Pro Black,N,Y,Device
J102316A,Google Pixel 9 128GB Obsidian,N,Y,Device
J102316B,Google Pixel 9 128GB Porcelain,N,Y,Device
J102317A,Google Pixel 9 256GB Obsidian,N,Y,Device
J102317B,Google Pixel 9 256GB Porcelain,N,Y,Device
J102318A,Google Pixel 9 Pro 128GB Obsidian,N,Y,Device
J102318B,Google Pixel 9 Pro 128GB Porcelain,N,Y,Device
J102319A,Google Pixel 9 Pro 256GB  Obsidian,N,Y,Device
J102319B,Google Pixel 9 Pro 256GB  Porcelain,N,Y,Device
J102322A,Google Pixel 9 Pro XL 128GB Obsidian,N,Y,Device
J102322B,Google Pixel 9 Pro XL 128GB Porcelain,N,Y,Device
J102323A,Google Pixel 9 Pro XL 256GB Obsidian,N,Y,Device
J102323B,Google Pixel 9 Pro XL 256GB Porcelain,N,Y,Device
J102324A,iPhone 16 128GB Black,N,Y,Device
J102324B,iPhone 16 128GB White,N,Y,Device
J102324C,iPhone 16 128GB Pink,N,Y,Device
J102324D,iPhone 16 128GB Ultramarine,N,Y,Device
J102324E,iPhone 16 128GB Teal,N,Y,Device
J102325A,iPhone 16 256GB Black,N,Y,Device
J102325B,iPhone 16 256GB White,N,Y,Device
J102325C,iPhone 16 256GB Pink,N,Y,Device
J102325D,iPhone 16 256GB Ultramarine,N,Y,Device
J102325E,iPhone 16 256GB Teal,N,Y,Device
J102326A,iPhone 16 512GB Black,N,Y,Device
J102326B,iPhone 16 512GB White,N,Y,Device
J102326C,iPhone 16 512GB Pink,N,Y,Device
J102326D,iPhone 16 512GB Ultramarine,N,Y,Device
J102326E,iPhone 16 512GB Teal,N,Y,Device
J102327A,iPhone 16 Plus 128GB Black,N,Y,Device
J102327B,iPhone 16 Plus 128GB White,N,Y,Device
J102327C,iPhone 16 Plus 128GB Pink,N,Y,Device
J102327D,iPhone 16 Plus 128GB Ultramarine,N,Y,Device
J102327E,iPhone 16 Plus 128GB Teal,N,Y,Device
J102328A,iPhone 16 Plus 256GB Black,N,Y,Device
J102328B,iPhone 16 Plus 256GB White,N,Y,Device
J102328C,iPhone 16 Plus 256GB Pink,N,Y,Device
J102328D,iPhone 16 Plus 256GB Ultramarine,N,Y,Device
J102328E,iPhone 16 Plus 256GB Teal,N,Y,Device
J102329A,iPhone 16 Plus 512GB Black,N,Y,Device
J102329B,iPhone 16 Plus 512GB White,N,Y,Device
J102329C,iPhone 16 Plus 512GB Pink,N,Y,Device
J102329D,iPhone 16 Plus 512GB Ultramarine,N,Y,Device
J102329E,iPhone 16 Plus 512GB Teal,N,Y,Device
J102330A,iPhone 16 Pro 128GB Black Titanium,N,Y,Device
J102330B,iPhone 16 Pro 128GB White Titanium,N,Y,Device
J102330C,iPhone 16 Pro 128GB Desert Titanium,N,Y,Device
J102330D,iPhone 16 Pro 128GB Natural Titanium,N,Y,Device
J102331A,iPhone 16 Pro 256GB Black Titanium,N,Y,Device
J102331B,iPhone 16 Pro 256GB White Titanium,N,Y,Device
J102331C,iPhone 16 Pro 256GB Desert Titanium,N,Y,Device
J102331D,iPhone 16 Pro 256GB Natural Titanium,N,Y,Device
J102332A,iPhone 16 Pro 512GB Black Titanium,N,Y,Device
J102332B,iPhone 16 Pro 512GB White Titanium,N,Y,Device
J102332C,iPhone 16 Pro 512GB Desert Titanium,N,Y,Device
J102332D,iPhone 16 Pro 512GB Natural Titanium,N,Y,Device
J102333A,iPhone 16 Pro 1TB Black Titanium,N,Y,Device
J102333B,iPhone 16 Pro 1TB White Titanium,N,Y,Device
J102333C,iPhone 16 Pro 1TB Desert Titanium,N,Y,Device
J102333D,iPhone 16 Pro 1TB Natural Titanium,N,Y,Device
J102334A,iPhone 16 Pro Max 256GB Black Titanium,N,Y,Device
J102334B,iPhone 16 Pro Max 256GB White Titanium,N,Y,Device
J102334C,iPhone 16 Pro Max 256GB Desert Titanium,N,Y,Device
J102334D,iPhone 16 Pro Max 256GB Natural Titanium,N,Y,Device
J102335A,iPhone 16 Pro Max 512GB Black Titanium,N,Y,Device
J102335B,iPhone 16 Pro Max 512GB White Titanium,N,Y,Device
J102335C,iPhone 16 Pro Max 512GB Desert Titanium,N,Y,Device
J102335D,iPhone 16 Pro Max 512GB Natural Titanium,N,Y,Device
J102336A,iPhone 16 Pro Max 1TB Black Titanium,N,Y,Device
J102336B,iPhone 16 Pro Max 1TB White Titanium,N,Y,Device
J102336C,iPhone 16 Pro Max 1TB Desert Titanium,N,Y,Device
J102336D,iPhone 16 Pro Max 1TB Natural Titanium,N,Y,Device
J102350A,iPhone 16 Clear Case with MagSafe,N,Y,Device
J102351A,iPhone 16 Plus Clear Case with MagSafe,N,Y,Device
J102352A,iPhone 16 Pro Clear Case with MagSafe,N,Y,Device
J102353A,iPhone 16 Pro Max Clear Case with MagSafe,N,Y,Device
J102354A,Sonos ROAM 2 Black,N,Y,Device
J102354B,Sonos ROAM 2 White,N,Y,Device
J102355A,Sonos ERA 100 Black,N,Y,Device
J102355B,Sonos ERA 100 White,N,Y,Device
J102356A,Sonos ERA 300 Black,N,Y,Device
J102356B,Sonos ERA 300 White,N,Y,Device
J102357A,Sonos Move 2 Black,N,Y,Device
J102357B,Sonos Move 2 White,N,Y,Device
J102358A,Sonos FIVE Black,N,Y,Device
J102358B,Sonos FIVE White,N,Y,Device
J102359A,Sonos RAY Black,N,Y,Device
J102359B,Sonos RAY White,N,Y,Device
J102360A,Sonos BEAM Gen2 Black,N,Y,Device
J102360B,Sonos BEAM Gen2 White,N,Y,Device
J102361A,Sonos SUB Mini Black,N,Y,Device
J102361B,Sonos SUB Mini White,N,Y,Device
J102362A,Sonos ARC Black,N,Y,Device
J102362B,Sonos ARC White,N,Y,Device
J102363A,Sonos SUB Gen3 Black,N,Y,Device
J102363B,Sonos SUB Gen3 White,N,Y,Device
J102366A,Backbone One Black,N,Y,Device
J102367A,Backbone One PlayStation Edition,N,Y,Device
J102368A,Apple Watch S10 GPS 42mm Silver Alum/Blue Cloud Sport Loop,N,Y,Device
J102369B,Apple Watch S10 GPS 42mm Jet Black Alum/Ink Sport Loop,N,Y,Device
J102370C,Apple Watch S10 GPS 42mm Rose Gold Alum/Plum Sport Loop,N,Y,Device
J102371A,Apple Watch S10 GPS 46mm Silver Alum/Blue Cloud Sport Loop,N,Y,Device
J102372B,Apple Watch S10 GPS 46mm Jet Black Alum/Ink Sport Loop,N,Y,Device
J102373C,Apple Watch S10 GPS 46mm Rose Gold Alum/Plum Sport Loop,N,Y,Device
J102374A,Apple Watch Ultra 2 49mm Natural Titanium with Navy Ocean Band,N,Y,Device
J102375A,Apple Watch Ultra 2 49mm Black Titanium Case with Black Ocean Band,N,Y,Device
J102376A,AirPods 4,N,Y,Device
J102377A,AirPods 4 with Active Noise Cancellation,N,Y,Device
J102378A,iPhone 12 64GB Black - Pre Loved (Very Good),N,Y,Device
J102379A,iPhone 13 128GB Black - Pre Loved (Very Good),N,Y,Device
