GPMB0001,Mobile Broadband - Monthly Rolling,Y,N,Retail
GPMB0002,Mobile Broadband - 12 Months,Y,N,Retail
GPMB0003,Mobile Broadband - 24 Months,Y,N,Retail
GPMS001M,Smart 1GB - Monthly Rolling,Y,N,Retail
GPMS002M,Smart 1GB - 12 Months,Y,N,Retail
GPMS003M,Smart 1GB - 24 Months,Y,N,Retail
GPMS004M,Smart 2GB - Monthly Rolling,Y,N,Retail
GPMS005M,Smart 2GB - 12 Months,Y,N,Retail
GPMS006M,Smart 2GB - 24 Months,Y,N,Retail
GPMS007M,Smart 10GB - Monthly Rolling,Y,N,Retail
GPMS008M,Smart 10GB - 12 Months,Y,N,Retail
GPMS009M,Smart 10GB - 24 Months,Y,N,Retail
GPMS010M,Smart 25GB - Monthly Rolling,Y,N,Retail
GPMS011M,Smart 25GB - 12 Months,Y,N,Retail
GPMS012M,Smart 25GB - 24 Months,Y,N,Retail
GPMS013M,Smart 50GB - Monthly Rolling,Y,N,Retail
GPMS014M,Smart 50GB - 12 Months,Y,N,Retail
GPMS015M,Smart 50GB - 24 Months,Y,N,Retail
GPMS016M,Smart 100GB - Monthly Rolling,Y,N,Retail
GPMS017M,Smart 100GB - 12 Months,Y,N,Retail
GPMS018M,Smart 100GB - 24 Months,Y,N,Retail
GPMS020M,NFS - Pay As You Go - Classic,Y,N,Retail
GPMS021M,NFS - Pay As You Go - Rewards,Y,N,Retail
GPMS022M,Pay As You Go,Y,N,Retail
GPMS025M,Small - Monthly Rolling,Y,N,Retail
GPMS026M,Small - 12 Months,Y,N,Retail
GPMS027M,Small - 24 Months,Y,N,Retail
GPMS028M,Medium - Monthly Rolling,Y,N,Retail
GPMS029M,Medium - 12 Months,Y,N,Retail
GPMS030M,Medium - 24 Months,Y,N,Retail
GPMS031M,Large - Monthly Rolling,Y,N,Retail
GPMS032M,Large - 12 Months,Y,N,Retail
GPMS033M,Large - 24 Months,Y,N,Retail
GPMS034M,Extra Large - Monthly Rolling,Y,N,Retail
GPMS035M,Extra Large - 12 Months,Y,N,Retail
GPMS036M,Extra Large - 24 Months,Y,N,Retail
GPMS037M,Pay As You Go - Classic,Y,N,Retail
GPMS038M,Pay As You Go - Rewards,Y,N,Retail
GPMS040M,Mobile Package - 24 months,Y,N,Retail
GPMS041M,Mobile Package - 12 months,Y,N,Retail
GPMS042M,Mobile Package - Monthly Rolling,Y,N,Retail
GPMS043M,Mobile Package - 36 months,Y,N,Retail
GPMS045M,Mobile Plans - Monthly Rolling,Y,N,Retail
GPMS046M,Mobile Plans - 12 months,Y,N,Retail
GPMS047M,Mobile Plans - 24 months,Y,N,Retail
GPMS048M,Mobile Plans - 36 months,Y,N,Retail
GPMSLG01,Legacy Post Paid Mobile Package,Y,N,Retail
GPMSLG02,Legacy Pre Paid Mobile Package,Y,N,Retail
IPMB0001,Mobile Broadband - Monthly Rolling,Y,N,Retail
IPMB0002,Mobile Broadband - 12 Months,Y,N,Retail
IPMB0003,Mobile Broadband - 24 Months,Y,N,Retail
IPMB0004,Mobile Broadband - 24 Months Unlimited,Y,N,Retail
IPMS001M,Small - Monthly Rolling,Y,N,Retail
IPMS002M,Small - 12 Months,Y,N,Retail
IPMS003M,Small - 24 Months,Y,N,Retail
IPMS004M,Medium - Monthly Rolling,Y,N,Retail
IPMS005M,Medium - 12 Months,Y,N,Retail
IPMS006M,Medium - 24 Months,Y,N,Retail
IPMS007M,Large - Monthly Rolling,Y,N,Retail
IPMS008M,Large - 12 Months,Y,N,Retail
IPMS009M,Large - 24 Months,Y,N,Retail
IPMS010M,Extra Large - Monthly Rolling,Y,N,Retail
IPMS011M,Extra Large - 12 Months,Y,N,Retail
IPMS012M,Extra Large - 24 Months,Y,N,Retail
IPMS013M,Data Only - Monthly Rolling,Y,N,Retail
IPMS014M,Data Only - 12 Months,Y,N,Retail
IPMS015M,Data Only - 24 Months,Y,N,Retail
IPMS019M,Pay As You Go - Classic,Y,N,Retail
IPMS020M,Pay As You Go,Y,N,Retail
IPMS040M,Mobile Package - 24 months,Y,N,Retail
IPMS041M,Mobile Package - 12 months,Y,N,Retail
IPMS042M,Mobile Package - Monthly Rolling,Y,N,Retail
IPMS043M,Mobile Package - 36 months,Y,N,Retail
IPMSLG01,Legacy Post Paid Mobile Package,Y,N,Retail
IPMSLG02,Legacy Pre Paid Mobile Package,Y,N,Retail
JPMB0001,Mobile Broadband - Monthly Rolling,Y,N,Retail
JPMB0002,Mobile Broadband - 12 Months,Y,N,Retail
JPMB0003,Mobile Broadband - 24 Months,Y,N,Retail
JPMS001M,Smart 1GB - Monthly Rolling,Y,N,Retail
JPMS002M,Smart 1GB - 12 Months,Y,N,Retail
JPMS003M,Smart 1GB - 24 Months,Y,N,Retail
JPMS004M,Smart 2GB - Monthly Rolling,Y,N,Retail
JPMS005M,Smart 2GB - 12 Months,Y,N,Retail
JPMS006M,Smart 2GB - 24 Months,Y,N,Retail
JPMS007M,Smart 10GB - Monthly Rolling,Y,N,Retail
JPMS008M,Smart 10GB - 12 Months,Y,N,Retail
JPMS009M,Smart 10GB - 24 Months,Y,N,Retail
JPMS010M,Smart 25GB - Monthly Rolling,Y,N,Retail
JPMS011M,Smart 25GB - 12 Months,Y,N,Retail
JPMS012M,Smart 25GB - 24 Months,Y,N,Retail
JPMS013M,Smart 50GB - Monthly Rolling,Y,N,Retail
JPMS014M,Smart 50GB - 12 Months,Y,N,Retail
JPMS015M,Smart 50GB - 24 Months,Y,N,Retail
JPMS016M,Smart 100GB - Monthly Rolling,Y,N,Retail
JPMS017M,Smart 100GB - 12 Months,Y,N,Retail
JPMS018M,Smart 100GB - 24 Months,Y,N,Retail
JPMS019M,NFS - Pay As You Go - Classic,Y,N,Retail
JPMS020M,NFS - Pay As You Go - Rewards,Y,N,Retail
JPMS021M,Pay As You Go,Y,N,Retail
JPMS025M,Small - Monthly Rolling,Y,N,Retail
JPMS026M,Small - 12 Months,Y,N,Retail
JPMS027M,Small - 24 Months,Y,N,Retail
JPMS028M,Medium - Monthly Rolling,Y,N,Retail
JPMS029M,Medium - 12 Months,Y,N,Retail
JPMS030M,Medium - 24 Months,Y,N,Retail
JPMS031M,Large - Monthly Rolling,Y,N,Retail
JPMS032M,Large - 12 Months,Y,N,Retail
JPMS033M,Large - 24 Months,Y,N,Retail
JPMS034M,Extra Large - Monthly Rolling,Y,N,Retail
JPMS035M,Extra Large - 12 Months,Y,N,Retail
JPMS036M,Extra Large - 24 Months,Y,N,Retail
JPMS037M,Pay As You Go - Classic,Y,N,Retail
JPMS038M,Pay As You Go - Rewards,Y,N,Retail
JPMS040M,Sharer Package - 24 Months,Y,N,Retail
JPMS041M,Sharer Package - 12 Months,Y,N,Retail
JPMS042M,Sharer Package - Monthly Rolling,Y,N,Retail
JPMS043M,Sharer Package - 36 months,Y,N,Retail
JPMS045M,Mobile Plans - Monthly Rolling,Y,N,Retail
JPMS046M,Mobile Plans - 12 months,Y,N,Retail
JPMS047M,Mobile Plans - 24 months,Y,N,Retail
JPMS048M,Mobile Plans - 36 months,Y,N,Retail
JPMSLG01,Legacy Post Paid Mobile Package,Y,N,Retail
JPMSLG02,Legacy Pre Paid Mobile Package,Y,N,Retail
G003226,Ex-Directory,N,N,Retail
G040018,Directory Entry,N,N,Retail
G050506,Bar Data Roaming,N,N,Retail
G053000,Sure PAYM,N,N,Retail
G053001,Sure PAYM,N,N,Retail
G053013,Withhold Number,N,N,Retail
G053014,Bar All International Calls,N,N,Retail
G053015,Bar Roaming Calls,N,N,Retail
G053020,Mobile CSD Service,N,N,Retail
G053021,Bar Premium Rate Calls,N,N,Retail
G053022,Bar Directory Enquiry Calls,N,N,Retail
G053030,Bar All Mobile Data,N,N,Retail
G054500,Static IP Address,N,N,Retail
G057020,GSY Sure HSDPA Prepay,N,N,Retail
G057046,PAYG Rewards,N,N,Retail
G057056,GSY Sure PAYG Bberry Unlimited,N,N,Retail
G057181,4G Unlimited Broadband,N,N,Retail
G057184,Mobile Broadband Loan Plan,N,N,Retail
G057185,Mobile Broadband 200GB,N,N,Retail
G057186,4G Broadband,N,N,Retail
G057188,Mobile Broadband 100GB (2015),N,N,Retail
G057191,Mobile Broadband 3GB (2015),N,N,Retail
G057194,Mobile Broadband 25GB (2015),N,N,Retail
G057195,Mobile Broadband 50GB (2015),N,N,Retail
G057220,GSY £5 Sure PAYG Unlimited,N,N,Retail
G057221,GSY Sure HSDPA Prepay,N,N,Retail
G057223,GSY HSDPA Prepay 14 Days Free,N,N,Retail
G057224,PAYG Classic,N,N,Retail
G057300,Data Roaming Limit - Small,N,N,Retail
G057301,Data Roaming Limit - Medium,N,N,Retail
G057302,Data Roaming Limit - Large,N,N,Retail
G057303,Data Roaming Limit - XL,N,N,Retail
G057304,Data Roaming Limit - XXL,N,N,Retail
G057305,Data Roaming Limit - Unlimited,N,N,Retail
G057370,Mobile Broadband 2GB,N,N,Retail
G057371,Mobile Broadband 15GB,N,N,Retail
G057372,Mobile Broadband 50GB,N,N,Retail
G057373,Mobile Broadband 100GB,N,N,Retail
G057375,Mobile Broadband - Community,N,N,Retail
G058310,Value Plan (2015),N,N,Retail
G058311,Smart Starter (2015),N,N,Retail
G058312,Smart 1GB (2015),N,N,Retail
G058313,Smart 5GB (2015),N,N,Retail
G058314,Smart 15GB (2015),N,N,Retail
G058315,Smart 25GB (2015),N,N,Retail
G058323,Home Booster,N,N,Retail
G058326,Roaming Booster,N,N,Retail
G058327,Away Booster PAYG,N,N,Retail
G058330,Basic (2016),N,N,Retail
G058331,Smart Starter (2016),N,N,Retail
G058332,Smart 2GB (2016),N,N,Retail
G058333,Smart 10GB (2016),N,N,Retail
G058334,Smart 15GB (2016),N,N,Retail
G058335,Smart 30GB (2016),N,N,Retail
G058336,Smart 50GB (2016),N,N,Retail
G058337,Smart 100GB (2016),N,N,Retail
G058338,Basic (2017),N,N,Retail
G058339,Smart Starter (2017),N,N,Retail
G058340,Smart 2GB (2017),N,N,Retail
G058341,Smart 10GB (2017),N,N,Retail
G058342,Smart 25GB (2017),N,N,Retail
G058343,Smart 50GB (2017),N,N,Retail
G058344,Smart 100GB (2017),N,N,Retail
G058371,Smart 1GB (2018),N,N,Retail
G058372,Smart 2GB (2018),N,N,Retail
G058373,Smart 10GB (2018),N,N,Retail
G058374,Smart 25GB (2018),N,N,Retail
G058375,Smart 50GB (2018),N,N,Retail
G058376,Smart 100GB (2018),N,N,Retail
G058380,Mobile Plan SML,N,N,Retail
G058381,Mobile Plan MED,N,N,Retail
G058382,Mobile Plan LRG,N,N,Retail
G058383,Mobile Plan XL,N,N,Retail
G058390,Mobile Plan SIM Only SML,N,N,Retail
G058391,Mobile Plan SIM Only MED,N,N,Retail
G058392,Mobile Plan SIM Only LRG,N,N,Retail
G058393,Mobile Plan SIM Only XL,N,N,Retail
G058441,2GB Data Roaming Booster,N,N,Retail
G058442,Away Calls & Text Booster,N,N,Retail
G058444,5GB Data Roaming Booster,N,N,Retail
G058446,10GB Data Roaming Booster,N,N,Retail
G058470,Sharer,N,N,Retail
G058471,Sure Saver,N,N,Retail
G058472,Unlimited Basic,N,N,Retail
G058473,Unlimited Standard,N,N,Retail
G058474,Unlimited Max,N,N,Retail
G101574A,Xperia 1 III Handset Black,N,N,Retail
G101574B,Xperia 1 III handset Purple,N,N,Retail
G101587A,Z Flip3 128GB Cream,N,N,Retail
G101587B,Z Flip3 128GB Green,N,N,Retail
G101587C,Z Flip3 128GB Lavender,N,N,Retail
G101587D,Z Flip3 128GB Phantom Black,N,N,Retail
G101588A,Z Flip3 256GB Cream,N,N,Retail
G101588B,Z Flip3 256GB Green,N,N,Retail
G101588C,Z Flip3 256GB Lavender,N,N,Retail
G101588D,Z Flip3 256GB Phantom Black,N,N,Retail
G101589A,Z Fold3 256GB Phantom Black,N,N,Retail
G101589B,Z Fold3 256GB Phantom Green,N,N,Retail
G101589C,Z Fold3 256GB Phantom Silver,N,N,Retail
G101591A,Z Fold3 512GB Phantom Black,N,N,Retail
G101591B,Z Fold3 512GB - Phantom Green,N,N,Retail
G101591C,Z Fold3 512GB - Phantom Silver,N,N,Retail
G101592A,Galaxy A22 64GB - Grey,N,N,Retail
G101592B,Galaxy A22 64GB - White,N,N,Retail
G101592C,Galaxy A22 64GB - Violet,N,N,Retail
G101604A,Galaxy A12 handset Black (2021),N,N,Retail
G101604B,Galaxy A12 handset Blue (2021),N,N,Retail
G101605A,Galaxy S20 FE (V2) 128GB -Cloud Lavender,N,N,Retail
G101605B,Galaxy S20 FE (V2) 128GB -Cloud Mint,N,N,Retail
G101605C,Galaxy S20 FE (V2) 128GB -Cloud Navy,N,N,Retail
G101605D,Galaxy S20 FE (V2) 128GB -Cloud Orange,N,N,Retail
G101605E,Galaxy S20 FE (V2) 128GB -Cloud Red,N,N,Retail
G101605F,Galaxy S20 FE (V2) 128GB -Cloud White,N,N,Retail
G101606A,Galaxy A52s 128GB - Black,N,N,Retail
G101606B,Galaxy A52s 128GB - Mint,N,N,Retail
G101606C,Galaxy A52s 128GB - Violet,N,N,Retail
G101606D,Galaxy A52s 128GB - White,N,N,Retail
G101615A,iPhone 13 128GB (PRODUCT)RED,N,N,Retail
G101615B,iPhone 13 128GB Blue,N,N,Retail
G101615C,iPhone 13 128GB Midnight,N,N,Retail
G101615D,iPhone 13 128GB Pink,N,N,Retail
G101615E,iPhone 13 128GB Starlight,N,N,Retail
G101615F,iPhone 13 128GB Green,N,N,Retail
G101616A,iPhone 13 256GB (PRODUCT)RED,N,N,Retail
G101616B,iPhone 13 256GB Blue,N,N,Retail
G101616C,iPhone 13 256GB Midnight,N,N,Retail
G101616D,iPhone 13 256GB Pink,N,N,Retail
G101616E,iPhone 13 256GB Starlight,N,N,Retail
G101616F,iPhone 13 256GB Green,N,N,Retail
G101617A,iPhone 13 512GB (PRODUCT)RED,N,N,Retail
G101617B,iPhone 13 512GB Blue,N,N,Retail
G101617C,iPhone 13 512GB Midnight,N,N,Retail
G101617D,iPhone 13 512GB Pink,N,N,Retail
G101617E,iPhone 13 512GB Starlight,N,N,Retail
G101617F,iPhone 13 512GB Green,N,N,Retail
G101618A,iPhone 13 mini 128GB (PRODUCT)RED,N,N,Retail
G101618B,iPhone 13 mini 128GB Blue,N,N,Retail
G101618C,iPhone 13 mini 128GB Midnight,N,N,Retail
G101618D,iPhone 13 mini 128GB Pink,N,N,Retail
G101618E,iPhone 13 mini 128GB Starlight,N,N,Retail
G101618F,iPhone 13 mini 128GB Green,N,N,Retail
G101619A,iPhone 13 mini 256GB (PRODUCT)RED,N,N,Retail
G101619B,iPhone 13 mini 256GB Blue,N,N,Retail
G101619C,iPhone 13 mini 256GB Midnight,N,N,Retail
G101619D,iPhone 13 mini 256GB Pink,N,N,Retail
G101619E,iPhone 13 mini 256GB Starlight,N,N,Retail
G101619F,iPhone 13 mini 256GB Green,N,N,Retail
G101620A,iPhone 13 mini 512GB (PRODUCT)RED,N,N,Retail
G101620B,iPhone 13 mini 512GB Blue,N,N,Retail
G101620C,iPhone 13 mini 512GB Midnight,N,N,Retail
G101620D,iPhone 13 mini 512GB Pink,N,N,Retail
G101620E,iPhone 13 mini 512GB Starlight,N,N,Retail
G101620F,iPhone 13 mini 512GB Green,N,N,Retail
G101621A,iPhone 13 Pro 128GB Gold,N,N,Retail
G101621B,iPhone 13 Pro 128GB Graphite,N,N,Retail
G101621C,iPhone 13 Pro 128GB Sierra Blue,N,N,Retail
G101621D,iPhone 13 Pro 128GB Silver,N,N,Retail
G101621F,iPhone 13 Pro 128GB Alpine Green,N,N,Retail
G101622A,iPhone 13 Pro 256GB Gold,N,N,Retail
G101622B,iPhone 13 Pro 256GB Graphite,N,N,Retail
G101622C,iPhone 13 Pro 256GB Sierra Blue,N,N,Retail
G101622D,iPhone 13 Pro 256GB Silver,N,N,Retail
G101622F,iPhone 13 Pro 256GB Alpine Green,N,N,Retail
G101623A,iPhone 13 Pro 512GB Gold,N,N,Retail
G101623B,iPhone 13 Pro 512GB Graphite,N,N,Retail
G101623C,iPhone 13 Pro 512GB Sierra Blue,N,N,Retail
G101623D,iPhone 13 Pro 512GB Silver,N,N,Retail
G101623F,iPhone 13 Pro 512GB Alpine Green,N,N,Retail
G101624A,iPhone 13 Pro 1TB Gold,N,N,Retail
G101624B,iPhone 13 Pro 1TB Graphite,N,N,Retail
G101624C,iPhone 13 Pro 1TB Sierra Blue,N,N,Retail
G101624D,iPhone 13 Pro 1TB Silver,N,N,Retail
G101624F,iPhone 13 Pro 1TB Alpine Green,N,N,Retail
G101625A,iPhone 13 Pro Max 128GB Gold,N,N,Retail
G101625B,iPhone 13 Pro Max 128GB Graphite,N,N,Retail
G101625C,iPhone 13 Pro Max 128GB Sierra Blue,N,N,Retail
G101625D,iPhone 13 Pro Max 128GB Silver,N,N,Retail
G101625F,iPhone 13 Pro Max 128GB Alpine Green,N,N,Retail
G101626A,iPhone 13 Pro Max 256GB Gold,N,N,Retail
G101626B,iPhone 13 Pro Max 256GB Graphite,N,N,Retail
G101626C,iPhone 13 Pro Max 256GB Sierra Blue,N,N,Retail
G101626D,iPhone 13 Pro Max 256GB Silver,N,N,Retail
G101626F,iPhone 13 Pro Max 256GB Alpine Green,N,N,Retail
G101627A,iPhone 13 Pro Max 512GB Gold,N,N,Retail
G101627B,iPhone 13 Pro Max 512GB Graphite,N,N,Retail
G101627C,iPhone 13 Pro Max 512GB Sierra Blue,N,N,Retail
G101627D,iPhone 13 Pro Max 512GB Silver,N,N,Retail
G101627F,iPhone 13 Pro Max 512GB Alpine Green,N,N,Retail
G101628A,iPhone 13 Pro Max 1TB Gold,N,N,Retail
G101628B,iPhone 13 Pro Max 1TB Graphite,N,N,Retail
G101628C,iPhone 13 Pro Max 1TB Sierra Blue,N,N,Retail
G101628D,iPhone 13 Pro Max 1TB Silver,N,N,Retail
G101628F,iPhone 13 Pro Max 1TB Alpine Green,N,N,Retail
G101643A,Honor 50 128GB Black,N,N,Retail
G101643B,Honor 50 128GB Green,N,N,Retail
G101644A,Honor 50 256GB Black,N,N,Retail
G101644B,Honor 50 256GB Crystal,N,N,Retail
G101649A,Xperia 5 III 128GB Black,N,N,Retail
G101649B,Xperia 5 III 128GB Green,N,N,Retail
G101657A,G10 32GB Blue,N,N,Retail
G101657B,G10 32GB Purple,N,N,Retail
G101658A,C01+ 16GB Blue,N,N,Retail
G101658B,C01+ 16GB Purple,N,N,Retail
G101701A,Samsung S21 FE 128GB Graphite,N,N,Retail
G101701B,Samsung S21 FE 128GB White,N,N,Retail
G101701C,Samsung S21 FE 128GB Olive,N,N,Retail
G101701D,Samsung S21 FE 128GB Lavender,N,N,Retail
G101702A,Samsung S21 FE 256GB Graphite,N,N,Retail
G101702B,Samsung S21 FE 256GB White,N,N,Retail
G101702C,Samsung S21 FE 256GB Olive,N,N,Retail
G101702D,Samsung S21 FE 256GB Lavender,N,N,Retail
G101717A,Galaxy S22 Black 128GB,N,N,Retail
G101717B,Galaxy S22 Green 128GB,N,N,Retail
G101717C,Galaxy S22 Pink Gold 128GB,N,N,Retail
G101717D,Galaxy S22 White 128GB,N,N,Retail
G101718A,Galaxy S22 Black 256GB,N,N,Retail
G101718B,Galaxy S22 Green 256GB,N,N,Retail
G101718C,Galaxy S22 Pink Gold 256GB,N,N,Retail
G101718D,Galaxy S22 White 256GB,N,N,Retail
G101719A,Galaxy S22+ Black 128GB,N,N,Retail
G101719B,Galaxy S22+ Green 128GB,N,N,Retail
G101719C,Galaxy S22+ White 128GB,N,N,Retail
G101719D,Galaxy S22+ Pink Gold 128GB,N,N,Retail
G101720A,Galaxy S22+ Black 256GB,N,N,Retail
G101720B,Galaxy S22+ Pink Gold 256GB,N,N,Retail
G101720C,Galaxy S22+ White 256GB,N,N,Retail
G101720D,Galaxy S22+ Green 256GB,N,N,Retail
G101721A,Galaxy S22 Ultra Black 128GB,N,N,Retail
G101721B,Galaxy S22 Ultra Green 128GB,N,N,Retail
G101721C,Galaxy S22 Ultra White 128GB,N,N,Retail
G101721D,Galaxy S22 Ultra Burgundy 128GB,N,N,Retail
G101722A,Galaxy S22 Ultra Black 256GB,N,N,Retail
G101722B,Galaxy S22 Ultra Burgundy 256GB,N,N,Retail
G101722C,Galaxy S22 Ultra White 256GB,N,N,Retail
G101722D,Galaxy S22 Ultra Green 256GB,N,N,Retail
G101723A,Galaxy S22 Ultra Black 512GB,N,N,Retail
G101723B,Galaxy S22 Ultra Burgundy 512GB,N,N,Retail
G101723C,Galaxy S22 Ultra Green 512GB,N,N,Retail
G101723D,Galaxy S22 Ultra White 512GB,N,N,Retail
G101724A,Galaxy S22 Ultra Black 1TB,N,N,Retail
G101724B,Galaxy S22 Ultra Burgundy 1TB,N,N,Retail
G101724C,Galaxy S22 Ultra Green 1TB,N,N,Retail
G101724D,Galaxy S22 Ultra White 1TB,N,N,Retail
G101757A,Samsung Galaxy A13 64GB Black,N,N,Retail
G101757B,Samsung Galaxy A13 64GB White,N,N,Retail
G101758A,Samsung Galaxy A03 64GB Black,N,N,Retail
G101758B,Samsung Galaxy A03 64GB Blue,N,N,Retail
G101759A,Nokia G11 Charcoal,N,N,Retail
G101759B,Nokia G11 Ice,N,N,Retail
G101760A,Nokia G21 Blue,N,N,Retail
G101760B,Nokia G21 Dusk,N,N,Retail
G101761A,XR20 5G Dual Sim 4/64GB - Blue,N,N,Retail
G101761B,XR20 5G Dual Sim 4/64GB - Grey,N,N,Retail
G101765A,iPhone SE 64GB Midnight (2022),N,N,Retail
G101765B,iPhone SE 64GB Starlight (2022),N,N,Retail
G101765C,iPhone SE 64GB (PRODUCT)RED (2022),N,N,Retail
G101766A,iPhone SE 128GB Midnight (2022),N,N,Retail
G101766B,iPhone SE 128GB Starlight (2022),N,N,Retail
G101766C,iPhone SE 128GB (PRODUCT)RED (2022),N,N,Retail
G101767A,iPhone SE 256GB Midnight (2022),N,N,Retail
G101767B,iPhone SE 256GB Starlight (2022),N,N,Retail
G101767C,iPhone SE 256GB (PRODUCT)RED (2022),N,N,Retail
G101782,Emporia  Joy 4G Black,N,N,Retail
G101783,Emporia Simplicity 4G Black,N,N,Retail
G101785A,Pixel 6 Pro,N,N,Retail
G101845A,Galaxy Z Flip 4 Graphite 128GB,N,N,Retail
G101845B,Galaxy Z Flip 4 Gold 128GB,N,N,Retail
G101845C,Galaxy Z Flip 4 Blue 128GB,N,N,Retail
G101845D,Galaxy Z Flip 4 Purple 128GB,N,N,Retail
G101846A,Galaxy Z Flip 4 Graphite 256GB,N,N,Retail
G101846B,Galaxy Z Flip 4 Gold 256GB,N,N,Retail
G101846C,Galaxy Z Flip 4 Blue 256GB,N,N,Retail
G101846D,Galaxy Z Flip 4 Purple 256GB,N,N,Retail
G101847A,Galaxy Z Fold 4 Black 256GB,N,N,Retail
G101847B,Galaxy Z Fold 4 Beige 256GB,N,N,Retail
G101847C,Galaxy Z Fold 4 Green 256GB,N,N,Retail
G101848A,Galaxy Z Fold 4 Black 512GB,N,N,Retail
G101848B,Galaxy Z Fold 4 Beige 512GB,N,N,Retail
G101848C,Galaxy Z Fold 4 Green 512GB,N,N,Retail
GGSPRPD,Sure PAYG,N,N,Retail
GH101477,Nokia 225,N,N,Retail
GH101478,Nokia 3.4,N,N,Retail
GH101712,Google Pixel 6 128GB Stormy Black ,N,N,Retail
GH10515,Sony Xperia 10 III Black,N,N,Retail
GH10516,Sony Xperia 10 III White,N,N,Retail
GH10517,Sony Xperia 10 III Blue,N,N,Retail
GHG5603,TP-Link LTE - Advanced M7350 V4,N,N,Retail
GHG5686,TP-Link MR600 Router 4G,N,N,Retail
GHG5730,Apple iPhone SE Handset 64GB Black,N,N,Retail
GHG5731,Apple iPhone SE Handset 64GB White,N,N,Retail
GHG5732,Apple iPhone SE Handset 64GB Red,N,N,Retail
GHG5733,Apple iPhone SE Handset 128GB Black,N,N,Retail
GHG5734,Apple iPhone SE Handset 128GB White,N,N,Retail
GHG5735,Apple iPhone SE Handset 128GB (PRODUCT) Red,N,N,Retail
GHG5736,Apple iPhone SE Handset 256GB Black,N,N,Retail
GHG5737,Apple iPhone SE Handset 256GB White,N,N,Retail
GHG5738,Apple iPhone SE Handset 256GB (PRODUCT) Red,N,N,Retail
GHG5750,CAT B35 Handset,N,N,Retail
GHG5764,Galaxy S20 FE 128GB - Powdered Navy,N,N,Retail
GHG5765,Galaxy S20 FE 128GB - Chalk White,N,N,Retail
GHG5766,Galaxy S20 FE 128GB - Mystic Green,N,N,Retail
GHG5774,Cat S62 handset,N,N,Retail
GHG5776,IMO Q3 plus handset ,N,N,Retail
GHG5816,Galaxy S20 FE 128GB - Firey Red,N,N,Retail
GHG5889,Nokia 215,N,N,Retail
GHG5890,Samsung Galaxy A02s Handset Black,N,N,Retail
GHG5891,Samsung Galaxy A02s Handset White,N,N,Retail
GHG5892,Samsung Galaxy A12 Handset Blue,N,N,Retail
GHG5893,Samsung Galaxy A12 Handset Black,N,N,Retail
GHG5894,Samsung Galaxy A12 Handset White,N,N,Retail
GHG5895,Samsung Galaxy S21 128GB - Phantom Grey,N,N,Retail
GHG5896,Samsung Galaxy S21 128GB - Phantom Pink,N,N,Retail
GHG5897,Samsung Galaxy S21 128GB - Phantom Violet,N,N,Retail
GHG5898,Samsung Galaxy S21 128GB - Phantom White,N,N,Retail
GHG5899,Samsung Galaxy S21 256GB - Phantom Grey,N,N,Retail
GHG5900,Samsung Galaxy S21 256GB - Phantom Pink,N,N,Retail
GHG5901,Samsung Galaxy S21 256GB - Phantom Violet,N,N,Retail
GHG5902,Samsung Galaxy S21 256GB - Phantom White,N,N,Retail
GHG5903,Samsung Galaxy S21 plus 128GB - Phantom Black,N,N,Retail
GHG5904,Samsung Galaxy S21 plus 128GB - Phantom Silver,N,N,Retail
GHG5905,Samsung Galaxy S21 plus 128GB - Phantom Violet,N,N,Retail
GHG5906,Samsung Galaxy S21 plus 256GB - Phantom Black,N,N,Retail
GHG5907,Samsung Galaxy S21 plus 256GB - Phantom Silver,N,N,Retail
GHG5908,Samsung Galaxy S21 plus 256GB - Phantom Violet,N,N,Retail
GHG5909,Samsung Galaxy S21 ultra 128GB - Phantom Black,N,N,Retail
GHG5910,Samsung Galaxy S21 ultra 128GB - Phantom Silver,N,N,Retail
GHG5911,Samsung Galaxy S21 ultra 256GB - Phantom Black,N,N,Retail
GHG5912,Samsung Galaxy S21 ultra 256GB - Phantom Silver,N,N,Retail
GHG5913,Samsung Galaxy S21 ultra 512GB - Phantom Black,N,N,Retail
GHG5914,Samsung Galaxy S21 ultra 512GB - Phantom Silver,N,N,Retail
GHG5915,Galaxy A32 Black,N,N,Retail
GHG5916,Galaxy A32 White,N,N,Retail
GHG5917,Galaxy A32 Violet,N,N,Retail
GHG5918,Galaxy A32 Blue,N,N,Retail
I001232,Bulk SMS Service,N,N,Retail
I003226,Ex-Directory,N,N,Retail
I050615,Arkessa International Roaming,N,N,Retail
I053000,Sure PAYM,N,N,Retail
I053001,Sure PAYM,N,N,Retail
I053013,Withhold Number,N,N,Retail
I053014,Bar All International Calls,N,N,Retail
I053015,Bar Roaming Calls,N,N,Retail
I053018,Connected Line ID Restriction,N,N,Retail
I053021,Bar Premium Rate Calls,N,N,Retail
I053022,Bar Directory Enquiry Calls,N,N,Retail
I053030,Bar All Mobile Data,N,N,Retail
I053031,Bar Roaming Zones 3-5,N,N,Retail
I053032,IOM GOV MTPAS Sim Priority,N,N,Retail
I054006,Bar Data Roaming,N,N,Retail
I054500,Static IP Address,N,N,Retail
I057008,NFS - IOM Sure PAYG Rewards,N,N,Retail
I057011,IOM Sure PAYG Bberry Unlimited,N,N,Retail
I057045,IOM Sure HSDPA Prepay,N,N,Retail
I057179,4G Unlimited Broadband (2017 Promo),N,N,Retail
I057180,4G Unlimited Broadband Standard,N,N,Retail
I057181,4G Unlimited Broadband Superfast,N,N,Retail
I057182,Mobile Broadband 500GB (2017),N,N,Retail
I057183,Mobile Broadband 100GB (2017),N,N,Retail
I057184,Mobile Broadband Loan Plan,N,N,Retail
I057185,Mobile Broadband 200GB (2017),N,N,Retail
I057188,Mobile Broadband 100GB (2015),N,N,Retail
I057191,Mobile Broadband 3GB (2015),N,N,Retail
I057194,Mobile Broadband 25GB (2015),N,N,Retail
I057195,Mobile Broadband 50GB (2015),N,N,Retail
I057220,IOM £5 Sure PAYG Unlimited,N,N,Retail
I057221,IOM Sure HSPDA Prepay,N,N,Retail
I057222,IOM £10 Sure PAYG Unlimited,N,N,Retail
I057223,IOM HSDPA Prepay 14 Days Free,N,N,Retail
I057224,PAYG Classic,N,N,Retail
I057225,IOM £20 Sure PAYG Unlimited,N,N,Retail
I057226,PAYG Rewards,N,N,Retail
I057227,NFS - IOM £5 Sure PAYG Roaming Reward,N,N,Retail
I057228,NFS - IOM 1GB Sure PAYG Roaming Reward,N,N,Retail
I057229,IOM Sure PAYG Golden Ticket,N,N,Retail
I057300,Data Roaming Limit - Small,N,N,Retail
I057301,Data Roaming Limit - Medium,N,N,Retail
I057302,Data Roaming Limit - Large,N,N,Retail
I057303,Data Roaming Limit - XL,N,N,Retail
I057304,Data Roaming Limit - XXL,N,N,Retail
I057305,Data Roaming Limit - Unlimited,N,N,Retail
I057370,Mobile Broadband 2GB,N,N,Retail
I057371,Mobile Broadband 15GB,N,N,Retail
I057372,Mobile Broadband 50GB,N,N,Retail
I057373,Mobile Broadband 100GB,N,N,Retail
I058310,Value Plan (2015),N,N,Retail
I058311,Smart Starter (2015),N,N,Retail
I058312,Smart 1GB (2015),N,N,Retail
I058313,Smart 5GB (2015),N,N,Retail
I058314,Smart 15GB (2015),N,N,Retail
I058315,Smart 25GB (2015),N,N,Retail
I058323,Home Booster,N,N,Retail
I058326,Roaming Booster,N,N,Retail
I058327,Away Booster PAYG,N,N,Retail
I058330,Basic (2016),N,N,Retail
I058331,Smart Starter (2016),N,N,Retail
I058332,Smart 2GB (2016),N,N,Retail
I058333,Smart 10GB (2016),N,N,Retail
I058334,Smart 15GB (2016),N,N,Retail
I058335,Smart 30GB (2016),N,N,Retail
I058336,Smart 50GB (2016),N,N,Retail
I058337,Smart 100GB (2016),N,N,Retail
I058338,Basic (2017),N,N,Retail
I058339,Smart Starter (2017),N,N,Retail
I058340,Smart 2GB (2017),N,N,Retail
I058341,Smart 10GB (2017),N,N,Retail
I058342,Smart 25GB (2017),N,N,Retail
I058343,Smart 50GB (2017),N,N,Retail
I058344,Smart 100GB (2017),N,N,Retail
I058371,Smart 1GB (2018),N,N,Retail
I058372,Smart 2GB (2018),N,N,Retail
I058373,Smart 10GB (2018),N,N,Retail
I058374,Smart 25GB (2018),N,N,Retail
I058375,Smart 50GB (2018),N,N,Retail
I058376,Smart Unlimited (2018),N,N,Retail
I058380,Mobile Plan SML,N,N,Retail
I058381,Mobile Plan MED,N,N,Retail
I058382,Mobile Plan LRG,N,N,Retail
I058383,Mobile Plan XL,N,N,Retail
I058385,Mobile Plan - Data Only,N,N,Retail
I058390,Mobile Plan SIM Only SML,N,N,Retail
I058391,Mobile Plan SIM Only MED,N,N,Retail
I058392,Mobile Plan SIM Only LRG,N,N,Retail
I058393,Mobile Plan SIM Only XL,N,N,Retail
I058395,Mobile Sim Only Plan - Data Only,N,N,Retail
I058441,2GB Data Roaming Booster,N,N,Retail
I058444,5GB Data Roaming Booster,N,N,Retail
I058446,10GB Data Roaming Booster,N,N,Retail
I058490,Sharer,N,N,Retail
I058491,Sure Saver,N,N,Retail
I058492,Unlimited Basic,N,N,Retail
I058493,Unlimited Standard,N,N,Retail
I058494,Unlimited Max,N,N,Retail
I101574A,Xperia 1 III Handset Black,N,N,Retail
I101574B,Xperia 1 III handset Purple,N,N,Retail
I101587A,Z Flip3 128GB Cream,N,N,Retail
I101587B,Z Flip3 128GB Green,N,N,Retail
I101587C,Z Flip3 128GB Lavender,N,N,Retail
I101587D,Z Flip3 128GB Phantom Black,N,N,Retail
I101588A,Z Flip3 256GB Cream,N,N,Retail
I101588B,Z Flip3 256GB Green,N,N,Retail
I101588C,Z Flip3 256GB Lavender,N,N,Retail
I101588D,Z Flip3 256GB Phantom Black,N,N,Retail
I101589A,Z Fold3 256GB Phantom Black,N,N,Retail
I101589B,Z Fold3 256GB Phantom Green,N,N,Retail
I101589C,Z Fold3 256GB Phantom Silver,N,N,Retail
I101591A,Z Fold3 512GB Phantom Black,N,N,Retail
I101591B,Z Fold3 512GB - Phantom Green,N,N,Retail
I101591C,Z Fold3 512GB - Phantom Silver,N,N,Retail
I101592A,Galaxy A22 64GB - Grey,N,N,Retail
I101592B,Galaxy A22 64GB - White,N,N,Retail
I101592C,Galaxy A22 64GB - Violet,N,N,Retail
I101604A,Galaxy A12 handset Black (2021),N,N,Retail
I101604B,Galaxy A12 handset Blue (2021),N,N,Retail
I101605A,Galaxy S20 FE (V2) 128GB -Cloud Lavender,N,N,Retail
I101605B,Galaxy S20 FE (V2) 128GB -Cloud Mint,N,N,Retail
I101605C,Galaxy S20 FE (V2) 128GB -Cloud Navy,N,N,Retail
I101605D,Galaxy S20 FE (V2) 128GB -Cloud Orange,N,N,Retail
I101605E,Galaxy S20 FE (V2) 128GB -Cloud Red,N,N,Retail
I101605F,Galaxy S20 FE (V2) 128GB -Cloud White,N,N,Retail
I101606A,Galaxy A52s 128GB - Black,N,N,Retail
I101606B,Galaxy A52s 128GB - Mint,N,N,Retail
I101606C,Galaxy A52s 128GB - Violet,N,N,Retail
I101606D,Galaxy A52s 128GB - White,N,N,Retail
I101615A,iPhone 13 128GB (PRODUCT)RED,N,N,Retail
I101615B,iPhone 13 128GB Blue,N,N,Retail
I101615C,iPhone 13 128GB Midnight,N,N,Retail
I101615D,iPhone 13 128GB Pink,N,N,Retail
I101615E,iPhone 13 128GB Starlight,N,N,Retail
I101615F,iPhone 13 128GB Green,N,N,Retail
I101616A,iPhone 13 256GB (PRODUCT)RED,N,N,Retail
I101616B,iPhone 13 256GB Blue,N,N,Retail
I101616C,iPhone 13 256GB Midnight,N,N,Retail
I101616D,iPhone 13 256GB Pink,N,N,Retail
I101616E,iPhone 13 256GB Starlight,N,N,Retail
I101616F,iPhone 13 256GB Green,N,N,Retail
I101617A,iPhone 13 512GB (PRODUCT)RED,N,N,Retail
I101617B,iPhone 13 512GB Blue,N,N,Retail
I101617C,iPhone 13 512GB Midnight,N,N,Retail
I101617D,iPhone 13 512GB Pink,N,N,Retail
I101617E,iPhone 13 512GB Starlight,N,N,Retail
I101617F,iPhone 13 512GB Green,N,N,Retail
I101618A,iPhone 13 mini 128GB (PRODUCT)RED,N,N,Retail
I101618B,iPhone 13 mini 128GB Blue,N,N,Retail
I101618C,iPhone 13 mini 128GB Midnight,N,N,Retail
I101618D,iPhone 13 mini 128GB Pink,N,N,Retail
I101618E,iPhone 13 mini 128GB Starlight,N,N,Retail
I101618F,iPhone 13 mini 128GB Green,N,N,Retail
I101619A,iPhone 13 mini 256GB (PRODUCT)RED,N,N,Retail
I101619B,iPhone 13 mini 256GB Blue,N,N,Retail
I101619C,iPhone 13 mini 256GB Midnight,N,N,Retail
I101619D,iPhone 13 mini 256GB Pink,N,N,Retail
I101619E,iPhone 13 mini 256GB Starlight,N,N,Retail
I101619F,iPhone 13 mini 256GB Green,N,N,Retail
I101620A,iPhone 13 mini 512GB (PRODUCT)RED,N,N,Retail
I101620B,iPhone 13 mini 512GB Blue,N,N,Retail
I101620C,iPhone 13 mini 512GB Midnight,N,N,Retail
I101620D,iPhone 13 mini 512GB Pink,N,N,Retail
I101620E,iPhone 13 mini 512GB Starlight,N,N,Retail
I101620F,iPhone 13 mini 512GB Green,N,N,Retail
I101621A,iPhone 13 Pro 128GB Gold,N,N,Retail
I101621B,iPhone 13 Pro 128GB Graphite,N,N,Retail
I101621C,iPhone 13 Pro 128GB Sierra Blue,N,N,Retail
I101621D,iPhone 13 Pro 128GB Silver,N,N,Retail
I101621F,iPhone 13 Pro 128GB Alpine Green,N,N,Retail
I101622A,iPhone 13 Pro 256GB Gold,N,N,Retail
I101622B,iPhone 13 Pro 256GB Graphite,N,N,Retail
I101622C,iPhone 13 Pro 256GB Sierra Blue,N,N,Retail
I101622D,iPhone 13 Pro 256GB Silver,N,N,Retail
I101622F,iPhone 13 Pro 256GB Alpine Green,N,N,Retail
I101623A,iPhone 13 Pro 512GB Gold,N,N,Retail
I101623B,iPhone 13 Pro 512GB Graphite,N,N,Retail
I101623C,iPhone 13 Pro 512GB Sierra Blue,N,N,Retail
I101623D,iPhone 13 Pro 512GB Silver,N,N,Retail
I101623F,iPhone 13 Pro 512GB Alpine Green,N,N,Retail
I101624A,iPhone 13 Pro 1TB Gold,N,N,Retail
I101624B,iPhone 13 Pro 1TB Graphite,N,N,Retail
I101624C,iPhone 13 Pro 1TB Sierra Blue,N,N,Retail
I101624D,iPhone 13 Pro 1TB Silver,N,N,Retail
I101624F,iPhone 13 Pro 1TB Alpine Green,N,N,Retail
I101625A,iPhone 13 Pro Max 128GB Gold,N,N,Retail
I101625B,iPhone 13 Pro Max 128GB Graphite,N,N,Retail
I101625C,iPhone 13 Pro Max 128GB Sierra Blue,N,N,Retail
I101625D,iPhone 13 Pro Max 128GB Silver,N,N,Retail
I101625F,iPhone 13 Pro Max 128GB Alpine Green,N,N,Retail
I101626A,iPhone 13 Pro Max 256GB Gold,N,N,Retail
I101626B,iPhone 13 Pro Max 256GB Graphite,N,N,Retail
I101626C,iPhone 13 Pro Max 256GB Sierra Blue,N,N,Retail
I101626D,iPhone 13 Pro Max 256GB Silver,N,N,Retail
I101626F,iPhone 13 Pro Max 256GB Alpine Green,N,N,Retail
I101627A,iPhone 13 Pro Max 512GB Gold,N,N,Retail
I101627B,iPhone 13 Pro Max 512GB Graphite,N,N,Retail
I101627C,iPhone 13 Pro Max 512GB Sierra Blue,N,N,Retail
I101627D,iPhone 13 Pro Max 512GB Silver,N,N,Retail
I101627F,iPhone 13 Pro Max 512GB Alpine Green,N,N,Retail
I101628A,iPhone 13 Pro Max 1TB Gold,N,N,Retail
I101628B,iPhone 13 Pro Max 1TB Graphite,N,N,Retail
I101628C,iPhone 13 Pro Max 1TB Sierra Blue,N,N,Retail
I101628D,iPhone 13 Pro Max 1TB Silver,N,N,Retail
I101628F,iPhone 13 Pro Max 1TB Alpine Green,N,N,Retail
I101643A,Honor 50 128GB Black,N,N,Retail
I101643B,Honor 50 128GB Green,N,N,Retail
I101644A,Honor 50 256GB Black,N,N,Retail
I101644B,Honor 50 256GB Crystal,N,N,Retail
I101649A,Xperia 5 III 128GB Black,N,N,Retail
I101649B,Xperia 5 III 128GB Green,N,N,Retail
I101657A,G10 32GB Blue,N,N,Retail
I101657B,G10 32GB Purple,N,N,Retail
I101658A,C01+ 16GB Blue,N,N,Retail
I101658B,C01+ 16GB Purple,N,N,Retail
I101701A,Samsung S21 FE 128GB Graphite,N,N,Retail
I101701B,Samsung S21 FE 128GB White,N,N,Retail
I101701C,Samsung S21 FE 128GB Olive,N,N,Retail
I101701D,Samsung S21 FE 128GB Lavender,N,N,Retail
I101702A,Samsung S21 FE 256GB Graphite,N,N,Retail
I101702B,Samsung S21 FE  256GB White,N,N,Retail
I101702C,Samsung S21 FE 256GB Olive,N,N,Retail
I101702D,Samsung S21 FE 256GB Lavender,N,N,Retail
I101717A,Galaxy S22 Black 128GB,N,N,Retail
I101717B,Galaxy S22 Green 128GB,N,N,Retail
I101717C,Galaxy S22 Pink Gold 128GB,N,N,Retail
I101717D,Galaxy S22 White 128GB,N,N,Retail
I101718A,Galaxy S22 Black 256GB,N,N,Retail
I101718B,Galaxy S22 Green 256GB,N,N,Retail
I101718C,Galaxy S22 Pink Gold 256GB,N,N,Retail
I101718D,Galaxy S22 White 256GB,N,N,Retail
I101719A,Galaxy S22+ Black 128GB,N,N,Retail
I101719B,Galaxy S22+ Green 128GB,N,N,Retail
I101719C,Galaxy S22+ White 128GB,N,N,Retail
I101719D,Galaxy S22+ Pink Gold 128GB,N,N,Retail
I101720A,Galaxy S22+ Black 256GB,N,N,Retail
I101720B,Galaxy S22+ Pink Gold 256GB,N,N,Retail
I101720C,Galaxy S22+ White 256GB,N,N,Retail
I101720D,Galaxy S22+ Green 256GB,N,N,Retail
I101721A,Galaxy S22 Ultra Black 128GB,N,N,Retail
I101721B,Galaxy S22 Ultra Green 128GB,N,N,Retail
I101721C,Galaxy S22 Ultra White 128GB,N,N,Retail
I101721D,Galaxy S22 Ultra Burgundy 128GB,N,N,Retail
I101722A,Galaxy S22 Ultra Black 256GB,N,N,Retail
I101722B,Galaxy S22 Ultra Burgundy 256GB,N,N,Retail
I101722C,Galaxy S22 Ultra White 256GB,N,N,Retail
I101722D,Galaxy S22 Ultra Green 256GB,N,N,Retail
I101723A,Galaxy S22 Ultra Black 512GB,N,N,Retail
I101723B,Galaxy S22 Ultra Burgundy 512GB,N,N,Retail
I101723C,Galaxy S22 Ultra Green 512GB,N,N,Retail
I101723D,Galaxy S22 Ultra White 512GB,N,N,Retail
I101724A,Galaxy S22 Ultra Black 1TB,N,N,Retail
I101724B,Galaxy S22 Ultra Burgundy 1TB,N,N,Retail
I101724C,Galaxy S22 Ultra Green 1TB,N,N,Retail
I101724D,Galaxy S22 Ultra White 1TB,N,N,Retail
I101757A,Samsung Galaxy A13 64GB Black,N,N,Retail
I101757B,Samsung Galaxy A13 64GB White,N,N,Retail
I101758A,Samsung Galaxy A03 64GB Black,N,N,Retail
I101758B,Samsung Galaxy A03 64GB Blue,N,N,Retail
I101759A,Nokia G11 Charcoal,N,N,Retail
I101759B,Nokia G11 Ice,N,N,Retail
I101760A,Nokia G21 Blue,N,N,Retail
I101760B,Nokia G21 Dusk,N,N,Retail
I101761A,XR20 5G Dual Sim 4/64GB - Blue,N,N,Retail
I101761B,XR20 5G Dual Sim 4/64GB - Grey,N,N,Retail
I101765A,iPhone SE 64GB Midnight (2022),N,N,Retail
I101765B,iPhone SE 64GB Starlight (2022),N,N,Retail
I101765C,iPhone SE 64GB (PRODUCT)RED (2022),N,N,Retail
I101766A,iPhone SE 128GB Midnight (2022),N,N,Retail
I101766B,iPhone SE 128GB Starlight (2022),N,N,Retail
I101766C,iPhone SE 128GB (PRODUCT)RED (2022),N,N,Retail
I101767A,iPhone SE 256GB Midnight (2022),N,N,Retail
I101767B,iPhone SE 256GB Starlight (2022),N,N,Retail
I101767C,iPhone SE 256GB (PRODUCT)RED (2022),N,N,Retail
I101782,Emporia  Joy 4G Black,N,N,Retail
I101783,Emporia Simplicity 4G Black,N,N,Retail
I101785A,Pixel 6 Pro,N,N,Retail
I101845A,Galaxy Z Flip 4 Graphite 128GB,N,N,Retail
I101845B,Galaxy Z Flip 4 Gold 128GB,N,N,Retail
I101845C,Galaxy Z Flip 4 Blue 128GB,N,N,Retail
I101845D,Galaxy Z Flip 4 Purple 128GB,N,N,Retail
I101846A,Galaxy Z Flip 4 Graphite 256GB,N,N,Retail
I101846B,Galaxy Z Flip 4 Gold 256GB,N,N,Retail
I101846C,Galaxy Z Flip 4 Blue 256GB,N,N,Retail
I101846D,Galaxy Z Flip 4 Purple 256GB,N,N,Retail
I101847A,Galaxy Z Fold 4 Black 256GB,N,N,Retail
I101847B,Galaxy Z Fold 4 Beige 256GB,N,N,Retail
I101847C,Galaxy Z Fold 4 Green 256GB,N,N,Retail
I101848A,Galaxy Z Fold 4 Black 512GB,N,N,Retail
I101848B,Galaxy Z Fold 4 Beige 512GB,N,N,Retail
I101848C,Galaxy Z Fold 4 Green 512GB,N,N,Retail
IGSPRPD,Sure PAYG,N,N,Retail
IH101477,Nokia 225,N,N,Retail
IH101478,Nokia 3.4,N,N,Retail
IH101712,Google Pixel 6 128GB Stormy Black ,N,N,Retail
IH10515,Sony Xperia 10 III Black,N,N,Retail
IH10516,Sony Xperia 10 III White,N,N,Retail
IH10517,Sony Xperia 10 III Blue,N,N,Retail
IHG5164,TP-Link 4G Home Router,N,N,Retail
IHG5524,TP-Link 4G Mobile Mi-Fi,N,N,Retail
IHG5603,TP-Link LTE Advanced,N,N,Retail
IHG5612,Samsung Galaxy Tab A (2019),N,N,Retail
IHG5613,"Apple iPad 9.7"" 6th gen",N,N,Retail
IHG5686,TP-Link MR600 Router 4G,N,N,Retail
IHG5730,Apple iPhone SE Handset 64GB Black,N,N,Retail
IHG5731,Apple iPhone SE Handset 64GB White,N,N,Retail
IHG5732,Apple iPhone SE Handset 64GB Red,N,N,Retail
IHG5733,Apple iPhone SE Handset 128GB Black,N,N,Retail
IHG5734,Apple iPhone SE Handset 128GB White,N,N,Retail
IHG5735,Apple iPhone SE Handset 128GB (PRODUCT) Red,N,N,Retail
IHG5736,Apple iPhone SE Handset 256GB Black,N,N,Retail
IHG5737,Apple iPhone SE Handset 256GB White,N,N,Retail
IHG5738,Apple iPhone SE Handset 256GB (PRODUCT) Red,N,N,Retail
IHG5750,CAT B35 Handset,N,N,Retail
IHG5764,Galaxy S20 FE 128GB - Powdered Navy,N,N,Retail
IHG5765,Galaxy S20 FE 128GB - Chalk White,N,N,Retail
IHG5766,Galaxy S20 FE 128GB - Mystic Green,N,N,Retail
IHG5774,Cat S62 handset,N,N,Retail
IHG5776,IMO Q3 plus handset ,N,N,Retail
IHG5816,Galaxy S20 FE 128GB - Firey Red,N,N,Retail
IHG5889,Nokia 215,N,N,Retail
IHG5890,Samsung Galaxy A02s Handset Black,N,N,Retail
IHG5891,Samsung Galaxy A02s Handset White,N,N,Retail
IHG5892,Samsung Galaxy A12 Handset Blue,N,N,Retail
IHG5893,Samsung Galaxy A12 Handset Black,N,N,Retail
IHG5894,Samsung Galaxy A12 Handset White,N,N,Retail
IHG5895,Samsung Galaxy S21 128GB - Phantom Grey,N,N,Retail
IHG5896,Samsung Galaxy S21 128GB - Phantom Pink,N,N,Retail
IHG5897,Samsung Galaxy S21 128GB - Phantom Violet,N,N,Retail
IHG5898,Samsung Galaxy S21 128GB - Phantom White,N,N,Retail
IHG5899,Samsung Galaxy S21 256GB - Phantom Grey,N,N,Retail
IHG5900,Samsung Galaxy S21 256GB - Phantom Pink,N,N,Retail
IHG5901,Samsung Galaxy S21 256GB - Phantom Violet,N,N,Retail
IHG5902,Samsung Galaxy S21 256GB - Phantom White,N,N,Retail
IHG5903,Samsung Galaxy S21 plus 128GB - Phantom Black,N,N,Retail
IHG5904,Samsung Galaxy S21 plus 128GB - Phantom Silver,N,N,Retail
IHG5905,Samsung Galaxy S21 plus 128GB - Phantom Violet,N,N,Retail
IHG5906,Samsung Galaxy S21 plus 256GB - Phantom Black,N,N,Retail
IHG5907,Samsung Galaxy S21 plus 256GB - Phantom Silver,N,N,Retail
IHG5908,Samsung Galaxy S21 plus 256GB - Phantom Violet,N,N,Retail
IHG5909,Samsung Galaxy S21 ultra 128GB - Phantom Black,N,N,Retail
IHG5910,Samsung Galaxy S21 ultra 128GB - Phantom Silver,N,N,Retail
IHG5911,Samsung Galaxy S21 ultra 256GB - Phantom Black,N,N,Retail
IHG5912,Samsung Galaxy S21 ultra 256GB - Phantom Silver,N,N,Retail
IHG5913,Samsung Galaxy S21 ultra 512GB - Phantom Black,N,N,Retail
IHG5914,Samsung Galaxy S21 ultra 512GB - Phantom Silver,N,N,Retail
IHG5915,Galaxy A32 Black,N,N,Retail
IHG5916,Galaxy A32 White,N,N,Retail
IHG5917,Galaxy A32 Violet,N,N,Retail
IHG5918,Galaxy A32 Blue,N,N,Retail
IHG6304,Lenovo Tab 4,N,N,Retail
IPAYG10,Prepay Rewards,N,N,Retail
J040017,Ex-Directory,N,N,Retail
J040018,Directory Entry,N,N,Retail
J050607,Bar Data Roaming,N,N,Retail
J053000,Sure PAYM,N,N,Retail
J053001,Sure PAYM,N,N,Retail
J053013,Withhold Number,N,N,Retail
J053014,Bar All International Calls,N,N,Retail
J053015,Bar Roaming Calls,N,N,Retail
J053021,Bar Premium Rate Calls,N,N,Retail
J053022,Bar Directory Enquiry Calls,N,N,Retail
J053030,Bar All Mobile Data,N,N,Retail
J054500,Static IP Address,N,N,Retail
J056000,Onnet Data Booster,N,N,Retail
J057019,PAYG Rewards,N,N,Retail
J057020,JSY Sure PAYG Bberry Unlimited,N,N,Retail
J057184,Mobile Broadband Loan Plan,N,N,Retail
J057185,4G Broadband 200GB,N,N,Retail
J057188,Mobile Broadband 100GB (2015),N,N,Retail
J057191,Mobile Broadband 3GB (2015),N,N,Retail
J057194,Mobile Broadband 25GB (2015),N,N,Retail
J057195,Mobile Broadband 50GB (2015),N,N,Retail
J057220,JSY £5 Sure PAYG Unlimited,N,N,Retail
J057222,JSY £10 Sure PAYG Unlimited,N,N,Retail
J057224,PAYG Classic,N,N,Retail
J057300,Data Roaming Limit - Small,N,N,Retail
J057301,Data Roaming Limit - Medium,N,N,Retail
J057302,Data Roaming Limit - Large,N,N,Retail
J057303,Data Roaming Limit - XL,N,N,Retail
J057304,Data Roaming Limit - XXL,N,N,Retail
J057305,Data Roaming Limit - Unlimited,N,N,Retail
J057370,Mobile Broadband 2GB,N,N,Retail
J057371,Mobile Broadband 15GB,N,N,Retail
J057372,Mobile Broadband 50GB,N,N,Retail
J057373,Mobile Broadband 100GB,N,N,Retail
J057375,Mobile Broadband - Community,N,N,Retail
J058310,Value Plan (2015),N,N,Retail
J058311,Smart Starter (2015),N,N,Retail
J058312,Smart 1GB (2015),N,N,Retail
J058313,Smart 5GB (2015),N,N,Retail
J058314,Smart 15GB (2015),N,N,Retail
J058315,Smart 25GB (2015),N,N,Retail
J058323,Home Booster,N,N,Retail
J058326,Roaming Booster,N,N,Retail
J058327,Away Booster PAYG,N,N,Retail
J058330,Basic (2016),N,N,Retail
J058331,Smart Starter (2016),N,N,Retail
J058332,Smart 2GB (2016),N,N,Retail
J058333,Smart 10GB (2016),N,N,Retail
J058334,Smart 15GB (2016),N,N,Retail
J058335,Smart 30GB (2016),N,N,Retail
J058336,Smart 50GB (2016),N,N,Retail
J058337,Smart 100GB (2016),N,N,Retail
J058338,Basic (2017),N,N,Retail
J058339,Smart Starter (2017),N,N,Retail
J058340,Smart 2GB (2017),N,N,Retail
J058341,Smart 10GB (2017),N,N,Retail
J058342,Smart 25GB (2017),N,N,Retail
J058343,Smart 50GB (2017),N,N,Retail
J058344,Smart 100GB (2017),N,N,Retail
J058371,Smart 1GB (2018),N,N,Retail
J058372,Smart 2GB (2018),N,N,Retail
J058373,Smart 10GB (2018),N,N,Retail
J058374,Smart 25GB (2018),N,N,Retail
J058375,Smart 50GB (2018),N,N,Retail
J058376,Smart 100GB (2018),N,N,Retail
J058380,Mobile Plan SML,N,N,Retail
J058381,Mobile Plan MED,N,N,Retail
J058382,Mobile Plan LRG,N,N,Retail
J058383,Mobile Plan XL,N,N,Retail
J058390,Mobile Plan SIM Only SML,N,N,Retail
J058391,Mobile Plan SIM Only MED,N,N,Retail
J058392,Mobile Plan SIM Only LRG,N,N,Retail
J058393,Mobile Plan SIM Only XL,N,N,Retail
J058441,2GB Data Roaming Booster,N,N,Retail
J058442,Away Calls & Text Booster,N,N,Retail
J058444,5GB Data Roaming Booster,N,N,Retail
J058446,10GB Data Roaming Booster,N,N,Retail
J058470,Sharer,N,N,Retail
J058471,Sure Saver,N,N,Retail
J058472,Unlimited Basic,N,N,Retail
J058473,Unlimited Standard,N,N,Retail
J058474,Unlimited Max,N,N,Retail
J058490,Sharer Plans - Sharer,N,N,Retail
J058492,Sharer Plans - MED,N,N,Retail
J058493,Sharer Plans - LRG,N,N,Retail
J058494,Sharer Plans - XL,N,N,Retail
J101574A,Xperia 1 III Handset Black,N,N,Retail
J101574B,Xperia 1 III handset Purple,N,N,Retail
J101587A,Z Flip3 128GB Cream,N,N,Retail
J101587B,Z Flip3 128GB Green,N,N,Retail
J101587C,Z Flip3 128GB Lavender,N,N,Retail
J101587D,Z Flip3 128GB Phantom Black,N,N,Retail
J101588A,Z Flip3 256GB Cream,N,N,Retail
J101588B,Z Flip3 256GB Green,N,N,Retail
J101588C,Z Flip3 256GB Lavender,N,N,Retail
J101588D,Z Flip3 256GB Phantom Black,N,N,Retail
J101589A,Z Fold3 256GB Phantom Black,N,N,Retail
J101589B,Z Fold3 256GB Phantom Green,N,N,Retail
J101589C,Z Fold3 256GB Phantom Silver,N,N,Retail
J101591A,Z Fold3 512GB Phantom Black,N,N,Retail
J101591B,Z Fold3 512GB - Phantom Green,N,N,Retail
J101591C,Z Fold3 512GB - Phantom Silver,N,N,Retail
J101592A,Galaxy A22 64GB - Grey,N,N,Retail
J101592B,Galaxy A22 64GB - White,N,N,Retail
J101592C,Galaxy A22 64GB - Violet,N,N,Retail
J101604A,Galaxy A12 handset Black (2021),N,N,Retail
J101604B,Galaxy A12 handset Blue (2021),N,N,Retail
J101605A,Galaxy S20 FE (V2) 128GB -Cloud Lavender,N,N,Retail
J101605B,Galaxy S20 FE (V2) 128GB -Cloud Mint,N,N,Retail
J101605C,Galaxy S20 FE (V2) 128GB -Cloud Navy,N,N,Retail
J101605D,Galaxy S20 FE (V2) 128GB -Cloud Orange,N,N,Retail
J101605E,Galaxy S20 FE (V2) 128GB -Cloud Red,N,N,Retail
J101605F,Galaxy S20 FE (V2) 128GB -Cloud White,N,N,Retail
J101606A,Galaxy A52s 128GB - Black,N,N,Retail
J101606B,Galaxy A52s 128GB - Mint,N,N,Retail
J101606C,Galaxy A52s 128GB - Violet,N,N,Retail
J101606D,Galaxy A52s 128GB - White,N,N,Retail
J101615A,iPhone 13 128GB (PRODUCT)RED,N,N,Retail
J101615B,iPhone 13 128GB Blue,N,N,Retail
J101615C,iPhone 13 128GB Midnight,N,N,Retail
J101615D,iPhone 13 128GB Pink,N,N,Retail
J101615E,iPhone 13 128GB Starlight,N,N,Retail
J101615F,iPhone 13 128GB Green,N,N,Retail
J101616A,iPhone 13 256GB (PRODUCT)RED,N,N,Retail
J101616C,iPhone 13 256GB Midnight,N,N,Retail
J101616D,iPhone 13 256GB Pink,N,N,Retail
J101616E,iPhone 13 256GB Starlight,N,N,Retail
J101616F,iPhone 13 256GB Green,N,N,Retail
J101617A,iPhone 13 512GB (PRODUCT)RED,N,N,Retail
J101617B,iPhone 13 512GB Blue,N,N,Retail
J101617C,iPhone 13 512GB Midnight,N,N,Retail
J101617D,iPhone 13 512GB Pink,N,N,Retail
J101617E,iPhone 13 512GB Starlight,N,N,Retail
J101617F,iPhone 13 512GB Green,N,N,Retail
J101618A,iPhone 13 mini 128GB (PRODUCT)RED,N,N,Retail
J101618B,iPhone 13 mini 128GB Blue,N,N,Retail
J101618C,iPhone 13 mini 128GB Midnight,N,N,Retail
J101618D,iPhone 13 mini 128GB Pink,N,N,Retail
J101618E,iPhone 13 mini 128GB Starlight,N,N,Retail
J101618F,iPhone 13 mini 128GB Green,N,N,Retail
J101619A,iPhone 13 mini 256GB (PRODUCT)RED,N,N,Retail
J101619B,iPhone 13 mini 256GB Blue,N,N,Retail
J101619C,iPhone 13 mini 256GB Midnight,N,N,Retail
J101619D,iPhone 13 mini 256GB Pink,N,N,Retail
J101619E,iPhone 13 mini 256GB Starlight,N,N,Retail
J101619F,iPhone 13 mini 256GB Green,N,N,Retail
J101620A,iPhone 13 mini 512GB (PRODUCT)RED,N,N,Retail
J101620B,iPhone 13 mini 512GB Blue,N,N,Retail
J101620C,iPhone 13 mini 512GB Midnight,N,N,Retail
J101620D,iPhone 13 mini 512GB Pink,N,N,Retail
J101620E,iPhone 13 mini 512GB Starlight,N,N,Retail
J101620F,iPhone 13 mini 512GB Green,N,N,Retail
J101621A,iPhone 13 Pro 128GB Gold,N,N,Retail
J101621B,iPhone 13 Pro 128GB Graphite,N,N,Retail
J101621C,iPhone 13 Pro 128GB Sierra Blue,N,N,Retail
J101621D,iPhone 13 Pro 128GB Silver,N,N,Retail
J101621F,iPhone 13 Pro 128GB Alpine Green,N,N,Retail
J101622A,iPhone 13 Pro 256GB Gold,N,N,Retail
J101622B,iPhone 13 Pro 256GB Graphite,N,N,Retail
J101622C,iPhone 13 Pro 256GB Sierra Blue,N,N,Retail
J101622D,iPhone 13 Pro 256GB Silver,N,N,Retail
J101622F,iPhone 13 Pro 256GB Alpine Green,N,N,Retail
J101623A,iPhone 13 Pro 512GB Gold,N,N,Retail
J101623B,iPhone 13 Pro 512GB Graphite,N,N,Retail
J101623C,iPhone 13 Pro 512GB Sierra Blue,N,N,Retail
J101623D,iPhone 13 Pro 512GB Silver,N,N,Retail
J101623F,iPhone 13 Pro 512GB Alpine Green,N,N,Retail
J101624A,iPhone 13 Pro 1TB Gold,N,N,Retail
J101624B,iPhone 13 Pro 1TB Graphite,N,N,Retail
J101624C,iPhone 13 Pro 1TB Sierra Blue,N,N,Retail
J101624D,iPhone 13 Pro 1TB Silver,N,N,Retail
J101624F,iPhone 13 Pro 1TB Alpine Green,N,N,Retail
J101625A,iPhone 13 Pro Max 128GB Gold,N,N,Retail
J101625B,iPhone 13 Pro Max 128GB Graphite,N,N,Retail
J101625C,iPhone 13 Pro Max 128GB Sierra Blue,N,N,Retail
J101625D,iPhone 13 Pro Max 128GB Silver,N,N,Retail
J101625F,iPhone 13 Pro Max 128GB Alpine Green,N,N,Retail
J101626A,iPhone 13 Pro Max 256GB Gold,N,N,Retail
J101626B,iPhone 13 Pro Max 256GB Graphite,N,N,Retail
J101626C,iPhone 13 Pro Max 256GB Sierra Blue,N,N,Retail
J101626D,iPhone 13 Pro Max 256GB Silver,N,N,Retail
J101626F,iPhone 13 Pro Max 256GB Alpine Green,N,N,Retail
J101627A,iPhone 13 Pro Max 512GB Gold,N,N,Retail
J101627B,iPhone 13 Pro Max 512GB Graphite,N,N,Retail
J101627C,iPhone 13 Pro Max 512GB Sierra Blue,N,N,Retail
J101627D,iPhone 13 Pro Max 512GB Silver,N,N,Retail
J101627F,iPhone 13 Pro Max 512GB Alpine Green,N,N,Retail
J101628A,iPhone 13 Pro Max 1TB Gold,N,N,Retail
J101628B,iPhone 13 Pro Max 1TB Graphite,N,N,Retail
J101628C,iPhone 13 Pro Max 1TB Sierra Blue,N,N,Retail
J101628D,iPhone 13 Pro Max 1TB Silver,N,N,Retail
J101628F,iPhone 13 Pro Max 1TB Alpine Green,N,N,Retail
J101643A,Honor 50 128GB Black,N,N,Retail
J101643B,Honor 50 128GB Green,N,N,Retail
J101644A,Honor 50 256GB Black,N,N,Retail
J101644B,Honor 50 256GB Crystal,N,N,Retail
J101649A,Xperia 5 III 128GB Black,N,N,Retail
J101649B,Xperia 5 III 128GB Green,N,N,Retail
J101657A,G10 32GB Blue,N,N,Retail
J101657B,G10 32GB Purple,N,N,Retail
J101658A,C01+ 16GB Blue,N,N,Retail
J101658B,C01+ 16GB Purple,N,N,Retail
J101701A,Samsung S21 FE 128GB Graphite,N,N,Retail
J101701B,Samsung S21 FE 128GB White,N,N,Retail
J101701C,Samsung S21 FE 128GB Olive,N,N,Retail
J101701D,Samsung S21 FE 128GB Lavender,N,N,Retail
J101702A,Samsung S21 FE 256GB Graphite,N,N,Retail
J101702B,Samsung S21 FE 256GB White,N,N,Retail
J101702C,Samsung S21 FE 256GB Olive,N,N,Retail
J101702D,Samsung S21 FE 256GB Lavender,N,N,Retail
J101717A,Galaxy S22 Black 128GB,N,N,Retail
J101717B,Galaxy S22 Green 128GB,N,N,Retail
J101717C,Galaxy S22 Pink Gold 128GB,N,N,Retail
J101717D,Galaxy S22 White 128GB,N,N,Retail
J101718A,Galaxy S22 Black 256GB,N,N,Retail
J101718B,Galaxy S22 Green 256GB,N,N,Retail
J101718C,Galaxy S22 Pink Gold 256GB,N,N,Retail
J101718D,Galaxy S22 White 256GB,N,N,Retail
J101719A,Galaxy S22+ Black 128GB,N,N,Retail
J101719B,Galaxy S22+ Green 128GB,N,N,Retail
J101719C,Galaxy S22+ White 128GB,N,N,Retail
J101719D,Galaxy S22+ Pink Gold 128GB,N,N,Retail
J101720A,Galaxy S22+ Black 256GB,N,N,Retail
J101720B,Galaxy S22+ Pink Gold 256GB,N,N,Retail
J101720C,Galaxy S22+ White 256GB,N,N,Retail
J101720D,Galaxy S22+ Green 256GB,N,N,Retail
J101721A,Galaxy S22 Ultra Black 128GB,N,N,Retail
J101721B,Galaxy S22 Ultra Green 128GB,N,N,Retail
J101721C,Galaxy S22 Ultra White 128GB,N,N,Retail
J101721D,Galaxy S22 Ultra Burgundy 128GB,N,N,Retail
J101722A,Galaxy S22 Ultra Black 256GB,N,N,Retail
J101722B,Galaxy S22 Ultra Burgundy 256GB,N,N,Retail
J101722C,Galaxy S22 Ultra White 256GB,N,N,Retail
J101722D,Galaxy S22 Ultra Green 256GB,N,N,Retail
J101723A,Galaxy S22 Ultra Black 512GB,N,N,Retail
J101723B,Galaxy S22 Ultra Burgundy 512GB,N,N,Retail
J101723C,Galaxy S22 Ultra Green 512GB,N,N,Retail
J101723D,Galaxy S22 Ultra White 512GB,N,N,Retail
J101724A,Galaxy S22 Ultra Black 1TB,N,N,Retail
J101724B,Galaxy S22 Ultra Burgundy 1TB,N,N,Retail
J101724C,Galaxy S22 Ultra Green 1TB,N,N,Retail
J101724D,Galaxy S22 Ultra White 1TB,N,N,Retail
J101757A,Samsung Galaxy A13 64GB Black,N,N,Retail
J101757B,Samsung Galaxy A13 64GB White,N,N,Retail
J101758A,Samsung Galaxy A03 64GB Black,N,N,Retail
J101758B,Samsung Galaxy A03 64GB Blue,N,N,Retail
J101759A,Nokia G11 Charcoal,N,N,Retail
J101759B,Nokia G11 Ice,N,N,Retail
J101760A,Nokia G21 Blue,N,N,Retail
J101760B,Nokia G21 Dusk,N,N,Retail
J101761A,XR20 5G Dual Sim 4/64GB - Blue,N,N,Retail
J101761B,XR20 5G Dual Sim 4/64GB - Grey,N,N,Retail
J101765A,iPhone SE 64GB Midnight (2022),N,N,Retail
J101765B,iPhone SE 64GB Starlight (2022),N,N,Retail
J101765C,iPhone SE 64GB (PRODUCT)RED (2022),N,N,Retail
J101766A,iPhone SE 128GB Midnight (2022),N,N,Retail
J101766B,iPhone SE 128GB Starlight (2022),N,N,Retail
J101766C,iPhone SE 128GB (PRODUCT)RED (2022),N,N,Retail
J101767A,iPhone SE 256GB Midnight (2022),N,N,Retail
J101767B,iPhone SE 256GB Starlight (2022),N,N,Retail
J101767C,iPhone SE 256GB (PRODUCT)RED (2022),N,N,Retail
J101782,Emporia  Joy 4G Black,N,N,Retail
J101783,Emporia Simplicity 4G Black,N,N,Retail
J101785A,Pixel 6 Pro,N,N,Retail
J101845A,Galaxy Z Flip 4 Graphite 128GB,N,N,Retail
J101845B,Galaxy Z Flip 4 Gold 128GB,N,N,Retail
J101845C,Galaxy Z Flip 4 Blue 128GB,N,N,Retail
J101845D,Galaxy Z Flip 4 Purple 128GB,N,N,Retail
J101846A,Galaxy Z Flip 4 Graphite 256GB,N,N,Retail
J101846B,Galaxy Z Flip 4 Gold 256GB,N,N,Retail
J101846C,Galaxy Z Flip 4 Blue 256GB,N,N,Retail
J101846D,Galaxy Z Flip 4  Purple 256GB,N,N,Retail
J101847A,Galaxy Z Fold 4 Black 256GB,N,N,Retail
J101847B,Galaxy Z Fold 4 Beige 256GB,N,N,Retail
J101847C,Galaxy Z Fold 4 Green 256GB,N,N,Retail
J101848A,Galaxy Z Fold 4 Black 512GB,N,N,Retail
J101848B,Galaxy Z Fold 4 Beige 512GB,N,N,Retail
J101848C,Galaxy Z Fold 4 Green 512GB,N,N,Retail
JGSPRPD,Sure PAYG,N,N,Retail
JH101477,Nokia 225,N,N,Retail
JH101478,Nokia 3.4,N,N,Retail
JH101712,Google Pixel 6 128GB Stormy Black ,N,N,Retail
JH10515,Sony Xperia 10 III Black,N,N,Retail
JH10516,Sony Xperia 10 III White,N,N,Retail
JH10517,Sony Xperia 10 III Blue,N,N,Retail
JHG5603,TP-Link LTE - Advanced M7350 V4,N,N,Retail
JHG5686,TP-Link MR600 Router 4G,N,N,Retail
JHG5730,Apple iPhone SE Handset 64GB Black,N,N,Retail
JHG5731,Apple iPhone SE Handset 64GB White,N,N,Retail
JHG5732,Apple iPhone SE Handset 64GB Red,N,N,Retail
JHG5733,Apple iPhone SE Handset 128GB Black,N,N,Retail
JHG5734,Apple iPhone SE Handset 128GB White,N,N,Retail
JHG5735,Apple iPhone SE Handset 128GB (PRODUCT) Red,N,N,Retail
JHG5736,Apple iPhone SE Handset 256GB Black,N,N,Retail
JHG5737,Apple iPhone SE Handset 256GB White,N,N,Retail
JHG5738,Apple iPhone SE Handset 256GB (PRODUCT) Red,N,N,Retail
JHG5750,CAT B35 Handset,N,N,Retail
JHG5764,Galaxy S20 FE 128GB - Powdered Navy,N,N,Retail
JHG5765,Galaxy S20 FE 128GB - Chalk White,N,N,Retail
JHG5766,Galaxy S20 FE 128GB - Mystic Green,N,N,Retail
JHG5774,Cat S62 handset,N,N,Retail
JHG5776,IMO Q3 plus handset ,N,N,Retail
JHG5816,Galaxy S20 FE 128GB - Firey Red,N,N,Retail
JHG5889,Nokia 215,N,N,Retail
JHG5890,Samsung Galaxy A02s Handset Black,N,N,Retail
JHG5891,Samsung Galaxy A02s Handset White,N,N,Retail
JHG5892,Samsung Galaxy A12 Handset Blue,N,N,Retail
JHG5893,Samsung Galaxy A12 Handset Black,N,N,Retail
JHG5894,Samsung Galaxy A12 Handset White,N,N,Retail
JHG5895,Samsung Galaxy S21 128GB - Phantom Grey,N,N,Retail
JHG5896,Samsung Galaxy S21 128GB - Phantom Pink,N,N,Retail
JHG5897,Samsung Galaxy S21 128GB - Phantom Violet,N,N,Retail
JHG5898,Samsung Galaxy S21 128GB - Phantom White,N,N,Retail
JHG5899,Samsung Galaxy S21 256GB - Phantom Grey,N,N,Retail
JHG5900,Samsung Galaxy S21 256GB - Phantom Pink,N,N,Retail
JHG5901,Samsung Galaxy S21 256GB - Phantom Violet,N,N,Retail
JHG5902,Samsung Galaxy S21 256GB - Phantom White,N,N,Retail
JHG5903,Samsung Galaxy S21 plus 128GB - Phantom Black,N,N,Retail
JHG5904,Samsung Galaxy S21 plus 128GB - Phantom Silver,N,N,Retail
JHG5905,Samsung Galaxy S21 plus 128GB - Phantom Violet,N,N,Retail
JHG5906,Samsung Galaxy S21 plus 256GB - Phantom Black,N,N,Retail
JHG5907,Samsung Galaxy S21 plus 256GB - Phantom Silver,N,N,Retail
JHG5908,Samsung Galaxy S21 plus 256GB - Phantom Violet,N,N,Retail
JHG5909,Samsung Galaxy S21 ultra 128GB - Phantom Black,N,N,Retail
JHG5910,Samsung Galaxy S21 ultra 128GB - Phantom Silver,N,N,Retail
JHG5911,Samsung Galaxy S21 ultra 256GB - Phantom Black,N,N,Retail
JHG5912,Samsung Galaxy S21 ultra 256GB - Phantom Silver,N,N,Retail
JHG5913,Samsung Galaxy S21 ultra 512GB - Phantom Black,N,N,Retail
JHG5914,Samsung Galaxy S21 ultra 512GB - Phantom Silver,N,N,Retail
JHG5915,Galaxy A32 Black,N,N,Retail
JHG5916,Galaxy A32 White,N,N,Retail
JHG5917,Galaxy A32 Violet,N,N,Retail
JHG5918,Galaxy A32 Blue,N,N,Retail
J101616B,iPhone 13 256GB Blue,N,N,Retail
