G040018,G053000,requires,linkedToParent
G040018,G053001,requires,linkedToParent
G040018,GGSPRPD,requires,linkedToParent
G040018,J053001,requires,linkedToParent
G050506,G053000,requires,linkedToParent
G050506,G053001,requires,linkedToParent
G050506,GGSPRPD,requires,linkedToParent
G053013,G053000,requires,linkedToParent
G053013,G053001,requires,linkedToParent
G053013,GGSPRPD,requires,linkedToParent
G053014,G053000,requires,linkedToParent
G053014,G053001,requires,linkedToParent
G053014,GGSPRPD,requires,linkedToParent
G053015,G053000,requires,linkedToParent
G053015,G053001,requires,linkedToParent
G053015,GGSPRPD,requires,linkedToParent
G053021,G053000,requires,linkedToParent
G053021,G053001,requires,linkedToParent
G053021,GGSPRPD,requires,linkedToParent
G053022,G053000,requires,linkedToParent
G053022,G053001,requires,linkedToParent
G053022,GGSPRPD,requires,linkedToParent
G053030,G053000,requires,linkedToParent
G053030,G053001,requires,linkedToParent
G053030,GGSPRPD,requires,linkedToParent
G054500,G053000,requires,linkedToParent
G054500,G053001,requires,linkedToParent
G054500,GGSPRPD,requires,linkedToParent
G057020,GGSPRPD,requires,linkedToParent
G057046,GGSPRPD,requires,linkedToParent
G057056,GGSPRPD,requires,linkedToParent
G057181,G053000,requires,linkedToParent
G057184,G053000,requires,linkedToParent
G057185,G053000,requires,linkedToParent
G057186,G053000,requires,linkedToParent
G057188,G053000,requires,linkedToParent
G057191,G053000,requires,linkedToParent
G057194,G053000,requires,linkedToParent
G057195,G053000,requires,linkedToParent
G057220,GGSPRPD,requires,linkedToParent
G057221,GGSPRPD,requires,linkedToParent
G057223,GGSPRPD,requires,linkedToParent
G057224,GGSPRPD,requires,linkedToParent
G057300,G053000,requires,linkedToParent
G057300,G053001,requires,linkedToParent
G057300,GGSPRPD,requires,linkedToParent
G057301,G053000,requires,linkedToParent
G057301,G053001,requires,linkedToParent
G057301,GGSPRPD,requires,linkedToParent
G057302,G053000,requires,linkedToParent
G057302,G053001,requires,linkedToParent
G057302,GGSPRPD,requires,linkedToParent
G057303,G053000,requires,linkedToParent
G057303,G053001,requires,linkedToParent
G057303,GGSPRPD,requires,linkedToParent
G057304,G053000,requires,linkedToParent
G057304,G053001,requires,linkedToParent
G057304,GGSPRPD,requires,linkedToParent
G057305,G053000,requires,linkedToParent
G057305,G053001,requires,linkedToParent
G057305,GGSPRPD,requires,linkedToParent
G057370,G053000,requires,linkedToParent
G057371,G053000,requires,linkedToParent
G057372,G053000,requires,linkedToParent
G057373,G053000,requires,linkedToParent
G057375,G053000,requires,linkedToParent
G058310,G053000,requires,linkedToParent
G058311,G053000,requires,linkedToParent
G058312,G053000,requires,linkedToParent
G058313,G053000,requires,linkedToParent
G058314,G053000,requires,linkedToParent
G058315,G053000,requires,linkedToParent
G058323,G053000,requires,linkedToParent
G058323,G053001,requires,linkedToParent
G058326,G053000,requires,linkedToParent
G058326,G053001,requires,linkedToParent
G058327,GGSPRPD,requires,linkedToParent
G058330,G053000,requires,linkedToParent
G058331,G053000,requires,linkedToParent
G058332,G053000,requires,linkedToParent
G058333,G053000,requires,linkedToParent
G058334,G053000,requires,linkedToParent
G058335,G053000,requires,linkedToParent
G058336,G053000,requires,linkedToParent
G058337,G053000,requires,linkedToParent
G058338,G053000,requires,linkedToParent
G058339,G053000,requires,linkedToParent
G058340,G053000,requires,linkedToParent
G058341,G053000,requires,linkedToParent
G058342,G053000,requires,linkedToParent
G058343,G053000,requires,linkedToParent
G058344,G053000,requires,linkedToParent
G058371,G053000,requires,linkedToParent
G058372,G053000,requires,linkedToParent
G058373,G053000,requires,linkedToParent
G058374,G053000,requires,linkedToParent
G058375,G053000,requires,linkedToParent
G058376,G053000,requires,linkedToParent
G058380,G053000,requires,linkedToParent
G058380,G053001,requires,linkedToParent
G058381,G053000,requires,linkedToParent
G058381,G053001,requires,linkedToParent
G058382,G053000,requires,linkedToParent
G058382,G053001,requires,linkedToParent
G058383,G053000,requires,linkedToParent
G058383,G053001,requires,linkedToParent
G058390,G053000,requires,linkedToParent
G058391,G053000,requires,linkedToParent
G058392,G053000,requires,linkedToParent
G058393,G053000,requires,linkedToParent
G058441,G053000,requires,linkedToParent
G058441,G053001,requires,linkedToParent
G058442,G053000,requires,linkedToParent
G058442,G053001,requires,linkedToParent
G058444,G053000,requires,linkedToParent
G058444,G053001,requires,linkedToParent
G058446,G053000,requires,linkedToParent
G058446,G053001,requires,linkedToParent
G058470,G053001,requires,linkedToParent
G058471,G053001,requires,linkedToParent
G058472,G053001,requires,linkedToParent
G058473,G053001,requires,linkedToParent
G058474,G053001,requires,linkedToParent
G101574A,G053001,requires,linkedToParent
G101574B,G053001,requires,linkedToParent
G101587A,G053001,requires,linkedToParent
G101587B,G053001,requires,linkedToParent
G101587C,G053001,requires,linkedToParent
G101587D,G053001,requires,linkedToParent
G101588A,G053001,requires,linkedToParent
G101588B,G053001,requires,linkedToParent
G101588C,G053001,requires,linkedToParent
G101588D,G053001,requires,linkedToParent
G101589A,G053001,requires,linkedToParent
G101589B,G053001,requires,linkedToParent
G101589C,G053001,requires,linkedToParent
G101591A,G053001,requires,linkedToParent
G101591B,G053001,requires,linkedToParent
G101591C,G053001,requires,linkedToParent
G101604A,G053001,requires,linkedToParent
G101604B,G053001,requires,linkedToParent
G101605A,G053001,requires,linkedToParent
G101605B,G053001,requires,linkedToParent
G101605C,G053001,requires,linkedToParent
G101605D,G053001,requires,linkedToParent
G101605E,G053001,requires,linkedToParent
G101605F,G053001,requires,linkedToParent
G101615A,G053001,requires,linkedToParent
G101615B,G053001,requires,linkedToParent
G101615C,G053001,requires,linkedToParent
G101615D,G053001,requires,linkedToParent
G101615E,G053001,requires,linkedToParent
G101615F,G053001,requires,linkedToParent
G101616A,G053001,requires,linkedToParent
G101616B,G053001,requires,linkedToParent
G101616C,G053001,requires,linkedToParent
G101616D,G053001,requires,linkedToParent
G101616E,G053001,requires,linkedToParent
G101616F,G053001,requires,linkedToParent
G101617A,G053001,requires,linkedToParent
G101617B,G053001,requires,linkedToParent
G101617C,G053001,requires,linkedToParent
G101617D,G053001,requires,linkedToParent
G101617E,G053001,requires,linkedToParent
G101617F,G053001,requires,linkedToParent
G101618A,G053001,requires,linkedToParent
G101618B,G053001,requires,linkedToParent
G101618C,G053001,requires,linkedToParent
G101618D,G053001,requires,linkedToParent
G101618E,G053001,requires,linkedToParent
G101618F,G053001,requires,linkedToParent
G101619A,G053001,requires,linkedToParent
G101619B,G053001,requires,linkedToParent
G101619C,G053001,requires,linkedToParent
G101619D,G053001,requires,linkedToParent
G101619E,G053001,requires,linkedToParent
G101619F,G053001,requires,linkedToParent
G101620A,G053001,requires,linkedToParent
G101620B,G053001,requires,linkedToParent
G101620C,G053001,requires,linkedToParent
G101620D,G053001,requires,linkedToParent
G101620E,G053001,requires,linkedToParent
G101620F,G053001,requires,linkedToParent
G101621A,G053001,requires,linkedToParent
G101621B,G053001,requires,linkedToParent
G101621C,G053001,requires,linkedToParent
G101621D,G053001,requires,linkedToParent
G101621F,G053001,requires,linkedToParent
G101622A,G053001,requires,linkedToParent
G101622B,G053001,requires,linkedToParent
G101622C,G053001,requires,linkedToParent
G101622D,G053001,requires,linkedToParent
G101622F,G053001,requires,linkedToParent
G101623A,G053001,requires,linkedToParent
G101623B,G053001,requires,linkedToParent
G101623C,G053001,requires,linkedToParent
G101623D,G053001,requires,linkedToParent
G101623F,G053001,requires,linkedToParent
G101624A,G053001,requires,linkedToParent
G101624B,G053001,requires,linkedToParent
G101624C,G053001,requires,linkedToParent
G101624D,G053001,requires,linkedToParent
G101624F,G053001,requires,linkedToParent
G101625A,G053001,requires,linkedToParent
G101625B,G053001,requires,linkedToParent
G101625C,G053001,requires,linkedToParent
G101625D,G053001,requires,linkedToParent
G101625F,G053001,requires,linkedToParent
G101626A,G053001,requires,linkedToParent
G101626B,G053001,requires,linkedToParent
G101626C,G053001,requires,linkedToParent
G101626D,G053001,requires,linkedToParent
G101626F,G053001,requires,linkedToParent
G101627A,G053001,requires,linkedToParent
G101627B,G053001,requires,linkedToParent
G101627C,G053001,requires,linkedToParent
G101627D,G053001,requires,linkedToParent
G101627F,G053001,requires,linkedToParent
G101628A,G053001,requires,linkedToParent
G101628B,G053001,requires,linkedToParent
G101628C,G053001,requires,linkedToParent
G101628D,G053001,requires,linkedToParent
G101628F,G053001,requires,linkedToParent
G101643A,G053001,requires,linkedToParent
G101643B,G053001,requires,linkedToParent
G101644A,G053001,requires,linkedToParent
G101644B,G053001,requires,linkedToParent
G101649A,G053001,requires,linkedToParent
G101649B,G053001,requires,linkedToParent
G101657A,G053001,requires,linkedToParent
G101657B,G053001,requires,linkedToParent
G101658A,G053001,requires,linkedToParent
G101658B,G053001,requires,linkedToParent
G101701A,G053001,requires,linkedToParent
G101701B,G053001,requires,linkedToParent
G101701C,G053001,requires,linkedToParent
G101701D,G053001,requires,linkedToParent
G101702A,G053001,requires,linkedToParent
G101702B,G053001,requires,linkedToParent
G101702C,G053001,requires,linkedToParent
G101702D,G053001,requires,linkedToParent
G101717A,G053001,requires,linkedToParent
G101717B,G053001,requires,linkedToParent
G101717C,G053001,requires,linkedToParent
G101717D,G053001,requires,linkedToParent
G101718A,G053001,requires,linkedToParent
G101718B,G053001,requires,linkedToParent
G101718C,G053001,requires,linkedToParent
G101718D,G053001,requires,linkedToParent
G101719A,G053001,requires,linkedToParent
G101719B,G053001,requires,linkedToParent
G101719C,G053001,requires,linkedToParent
G101719D,G053001,requires,linkedToParent
G101720A,G053001,requires,linkedToParent
G101720B,G053001,requires,linkedToParent
G101720C,G053001,requires,linkedToParent
G101720D,G053001,requires,linkedToParent
G101721A,G053001,requires,linkedToParent
G101721B,G053001,requires,linkedToParent
G101721C,G053001,requires,linkedToParent
G101721D,G053001,requires,linkedToParent
G101722A,G053001,requires,linkedToParent
G101722B,G053001,requires,linkedToParent
G101722C,G053001,requires,linkedToParent
G101722D,G053001,requires,linkedToParent
G101723A,G053001,requires,linkedToParent
G101723B,G053001,requires,linkedToParent
G101723C,G053001,requires,linkedToParent
G101723D,G053001,requires,linkedToParent
G101724A,G053001,requires,linkedToParent
G101724B,G053001,requires,linkedToParent
G101724C,G053001,requires,linkedToParent
G101724D,G053001,requires,linkedToParent
G101757A,G053001,requires,linkedToParent
G101757B,G053001,requires,linkedToParent
G101758A,G053001,requires,linkedToParent
G101758B,G053001,requires,linkedToParent
G101759A,G053001,requires,linkedToParent
G101759B,G053001,requires,linkedToParent
G101760A,G053001,requires,linkedToParent
G101760B,G053001,requires,linkedToParent
G101761A,G053001,requires,linkedToParent
G101761B,G053001,requires,linkedToParent
G101765A,G053001,requires,linkedToParent
G101765B,G053001,requires,linkedToParent
G101765C,G053001,requires,linkedToParent
G101766A,G053001,requires,linkedToParent
G101766B,G053001,requires,linkedToParent
G101766C,G053001,requires,linkedToParent
G101767A,G053001,requires,linkedToParent
G101767B,G053001,requires,linkedToParent
G101767C,G053001,requires,linkedToParent
G101782,G053001,requires,linkedToParent
G101783,G053001,requires,linkedToParent
G101785A,G053001,requires,linkedToParent
G101845A,G053001,requires,linkedToParent
G101845B,G053001,requires,linkedToParent
G101845C,G053001,requires,linkedToParent
G101845D,G053001,requires,linkedToParent
G101846A,G053001,requires,linkedToParent
G101846B,G053001,requires,linkedToParent
G101846C,G053001,requires,linkedToParent
G101846D,G053001,requires,linkedToParent
G101847A,G053001,requires,linkedToParent
G101847B,G053001,requires,linkedToParent
G101847C,G053001,requires,linkedToParent
G101848A,G053001,requires,linkedToParent
G101848B,G053001,requires,linkedToParent
G101848C,G053001,requires,linkedToParent
GH101712,G053001,requires,linkedToParent
GH10515,G053001,requires,linkedToParent
GH10516,G053001,requires,linkedToParent
GH10517,G053001,requires,linkedToParent
GHG5730,G053001,requires,linkedToParent
GHG5731,G053001,requires,linkedToParent
GHG5732,G053001,requires,linkedToParent
GHG5733,G053001,requires,linkedToParent
GHG5734,G053001,requires,linkedToParent
GHG5735,G053001,requires,linkedToParent
GHG5736,G053001,requires,linkedToParent
GHG5737,G053001,requires,linkedToParent
GHG5738,G053001,requires,linkedToParent
GHG5764,G053001,requires,linkedToParent
GHG5765,G053001,requires,linkedToParent
GHG5766,G053001,requires,linkedToParent
GHG5776,G053001,requires,linkedToParent
GHG5816,G053001,requires,linkedToParent
GHG5895,G053001,requires,linkedToParent
GHG5896,G053001,requires,linkedToParent
GHG5897,G053001,requires,linkedToParent
GHG5898,G053001,requires,linkedToParent
GHG5899,G053001,requires,linkedToParent
GHG5900,G053001,requires,linkedToParent
GHG5901,G053001,requires,linkedToParent
GHG5902,G053001,requires,linkedToParent
GHG5903,G053001,requires,linkedToParent
GHG5904,G053001,requires,linkedToParent
GHG5905,G053001,requires,linkedToParent
GHG5906,G053001,requires,linkedToParent
GHG5907,G053001,requires,linkedToParent
GHG5908,G053001,requires,linkedToParent
GHG5909,G053001,requires,linkedToParent
GHG5910,G053001,requires,linkedToParent
GHG5911,G053001,requires,linkedToParent
GHG5912,G053001,requires,linkedToParent
GHG5913,G053001,requires,linkedToParent
GHG5914,G053001,requires,linkedToParent
GPMB0001,CON00002,requires,linkedContractProduct
GPMB0002,CON00002,requires,linkedContractProduct
GPMB0003,CON00002,requires,linkedContractProduct
GPMS001M,CON00002,requires,linkedContractProduct
GPMS002M,CON00002,requires,linkedContractProduct
GPMS003M,CON00002,requires,linkedContractProduct
GPMS004M,CON00002,requires,linkedContractProduct
GPMS005M,CON00002,requires,linkedContractProduct
GPMS006M,CON00002,requires,linkedContractProduct
GPMS007M,CON00002,requires,linkedContractProduct
GPMS008M,CON00002,requires,linkedContractProduct
GPMS009M,CON00002,requires,linkedContractProduct
GPMS010M,CON00002,requires,linkedContractProduct
GPMS011M,CON00002,requires,linkedContractProduct
GPMS012M,CON00002,requires,linkedContractProduct
GPMS013M,CON00002,requires,linkedContractProduct
GPMS014M,CON00002,requires,linkedContractProduct
GPMS015M,CON00002,requires,linkedContractProduct
GPMS016M,CON00002,requires,linkedContractProduct
GPMS017M,CON00002,requires,linkedContractProduct
GPMS018M,CON00002,requires,linkedContractProduct
GPMS025M,CON00002,requires,linkedContractProduct
GPMS026M,CON00002,requires,linkedContractProduct
GPMS027M,CON00002,requires,linkedContractProduct
GPMS028M,CON00002,requires,linkedContractProduct
GPMS029M,CON00002,requires,linkedContractProduct
GPMS030M,CON00002,requires,linkedContractProduct
GPMS031M,CON00002,requires,linkedContractProduct
GPMS032M,CON00002,requires,linkedContractProduct
GPMS033M,CON00002,requires,linkedContractProduct
GPMS034M,CON00002,requires,linkedContractProduct
GPMS035M,CON00002,requires,linkedContractProduct
GPMS036M,CON00002,requires,linkedContractProduct
GPMS040M,CON00002,requires,linkedContractProduct
GPMS041M,CON00002,requires,linkedContractProduct
GPMS042M,CON00002,requires,linkedContractProduct
GPMS043M,CON00002,requires,linkedContractProduct
GPMS045M,CON00002,requires,linkedContractProduct
GPMS046M,CON00002,requires,linkedContractProduct
GPMS047M,CON00002,requires,linkedContractProduct
GPMS048M,CON00002,requires,linkedContractProduct
GPMSLG01,CON00002,requires,linkedContractProduct
I001232,I053000,requires,linkedToParent
I001232,IGSPRPD,requires,linkedToParent
I050615,I053000,requires,linkedToParent
I050615,IGSPRPD,requires,linkedToParent
I053013,I053000,requires,linkedToParent
I053013,I053001,requires,linkedToParent
I053013,IGSPRPD,requires,linkedToParent
I053014,I053000,requires,linkedToParent
I053014,I053001,requires,linkedToParent
I053014,IGSPRPD,requires,linkedToParent
I053015,I053000,requires,linkedToParent
I053015,I053001,requires,linkedToParent
I053015,IGSPRPD,requires,linkedToParent
I053018,I053000,requires,linkedToParent
I053018,IGSPRPD,requires,linkedToParent
I053021,I053000,requires,linkedToParent
I053021,I053001,requires,linkedToParent
I053021,IGSPRPD,requires,linkedToParent
I053022,I053000,requires,linkedToParent
I053022,I053001,requires,linkedToParent
I053022,IGSPRPD,requires,linkedToParent
I053030,I053000,requires,linkedToParent
I053030,I053001,requires,linkedToParent
I053030,IGSPRPD,requires,linkedToParent
I053031,I053000,requires,linkedToParent
I053031,IGSPRPD,requires,linkedToParent
I053032,I053000,requires,linkedToParent
I053032,IGSPRPD,requires,linkedToParent
I054006,I053000,requires,linkedToParent
I054006,I053001,requires,linkedToParent
I054006,IGSPRPD,requires,linkedToParent
I054500,I053000,requires,linkedToParent
I054500,I053001,requires,linkedToParent
I054500,IGSPRPD,requires,linkedToParent
I057008,IGSPRPD,requires,linkedToParent
I057011,IGSPRPD,requires,linkedToParent
I057045,IGSPRPD,requires,linkedToParent
I057179,I053000,requires,linkedToParent
I057180,I053000,requires,linkedToParent
I057181,I053000,requires,linkedToParent
I057182,I053000,requires,linkedToParent
I057183,I053000,requires,linkedToParent
I057184,I053000,requires,linkedToParent
I057185,I053000,requires,linkedToParent
I057188,I053000,requires,linkedToParent
I057191,I053000,requires,linkedToParent
I057194,I053000,requires,linkedToParent
I057195,I053000,requires,linkedToParent
I057220,IGSPRPD,requires,linkedToParent
I057221,IGSPRPD,requires,linkedToParent
I057222,IGSPRPD,requires,linkedToParent
I057223,IGSPRPD,requires,linkedToParent
I057224,IGSPRPD,requires,linkedToParent
I057225,IGSPRPD,requires,linkedToParent
I057226,IGSPRPD,requires,linkedToParent
I057227,IGSPRPD,requires,linkedToParent
I057228,IGSPRPD,requires,linkedToParent
I057229,IGSPRPD,requires,linkedToParent
I057300,I053000,requires,linkedToParent
I057300,IGSPRPD,requires,linkedToParent
I057301,I053000,requires,linkedToParent
I057301,IGSPRPD,requires,linkedToParent
I057302,I053000,requires,linkedToParent
I057302,IGSPRPD,requires,linkedToParent
I057303,I053000,requires,linkedToParent
I057303,IGSPRPD,requires,linkedToParent
I057304,I053000,requires,linkedToParent
I057304,IGSPRPD,requires,linkedToParent
I057305,I053000,requires,linkedToParent
I057305,I053001,requires,linkedToParent
I057305,IGSPRPD,requires,linkedToParent
I057370,I053000,requires,linkedToParent
I057371,I053000,requires,linkedToParent
I057372,I053000,requires,linkedToParent
I057373,I053000,requires,linkedToParent
I058310,I053000,requires,linkedToParent
I058311,I053000,requires,linkedToParent
I058312,I053000,requires,linkedToParent
I058313,I053000,requires,linkedToParent
I058314,I053000,requires,linkedToParent
I058315,I053000,requires,linkedToParent
I058323,I053000,requires,linkedToParent
I058323,I053001,requires,linkedToParent
I058326,I053000,requires,linkedToParent
I058326,I053001,requires,linkedToParent
I058327,IGSPRPD,requires,linkedToParent
I058330,I053000,requires,linkedToParent
I058331,I053000,requires,linkedToParent
I058332,I053000,requires,linkedToParent
I058333,I053000,requires,linkedToParent
I058334,I053000,requires,linkedToParent
I058335,I053000,requires,linkedToParent
I058336,I053000,requires,linkedToParent
I058337,I053000,requires,linkedToParent
I058338,I053000,requires,linkedToParent
I058339,I053000,requires,linkedToParent
I058340,I053000,requires,linkedToParent
I058341,I053000,requires,linkedToParent
I058342,I053000,requires,linkedToParent
I058343,I053000,requires,linkedToParent
I058344,I053000,requires,linkedToParent
I058371,I053000,requires,linkedToParent
I058372,I053000,requires,linkedToParent
I058373,I053000,requires,linkedToParent
I058374,I053000,requires,linkedToParent
I058375,I053000,requires,linkedToParent
I058376,I053000,requires,linkedToParent
I058380,I053000,requires,linkedToParent
I058381,I053000,requires,linkedToParent
I058382,I053000,requires,linkedToParent
I058383,I053000,requires,linkedToParent
I058385,I053000,requires,linkedToParent
I058390,I053000,requires,linkedToParent
I058391,I053000,requires,linkedToParent
I058392,I053000,requires,linkedToParent
I058393,I053000,requires,linkedToParent
I058395,I053000,requires,linkedToParent
I058441,I053000,requires,linkedToParent
I058441,I053001,requires,linkedToParent
I058444,I053000,requires,linkedToParent
I058444,I053001,requires,linkedToParent
I058446,I053000,requires,linkedToParent
I058446,I053001,requires,linkedToParent
I058490,I053001,requires,linkedToParent
I058491,I053001,requires,linkedToParent
I058492,I053001,requires,linkedToParent
I058493,I053001,requires,linkedToParent
I058494,I053001,requires,linkedToParent
I101574A,I053001,requires,linkedToParent
I101574B,I053001,requires,linkedToParent
I101587A,I053001,requires,linkedToParent
I101587B,I053001,requires,linkedToParent
I101587C,I053001,requires,linkedToParent
I101587D,I053001,requires,linkedToParent
I101588A,I053001,requires,linkedToParent
I101588B,I053001,requires,linkedToParent
I101588C,I053001,requires,linkedToParent
I101588D,I053001,requires,linkedToParent
I101589A,I053001,requires,linkedToParent
I101589B,I053001,requires,linkedToParent
I101589C,I053001,requires,linkedToParent
I101591A,I053001,requires,linkedToParent
I101591B,I053001,requires,linkedToParent
I101591C,I053001,requires,linkedToParent
I101604A,I053001,requires,linkedToParent
I101604B,I053001,requires,linkedToParent
I101605A,I053001,requires,linkedToParent
I101605B,I053001,requires,linkedToParent
I101605C,I053001,requires,linkedToParent
I101605D,I053001,requires,linkedToParent
I101605E,I053001,requires,linkedToParent
I101605F,I053001,requires,linkedToParent
I101615A,I053001,requires,linkedToParent
I101615B,I053001,requires,linkedToParent
I101615C,I053001,requires,linkedToParent
I101615D,I053001,requires,linkedToParent
I101615E,I053001,requires,linkedToParent
I101615F,I053001,requires,linkedToParent
I101616A,I053001,requires,linkedToParent
I101616B,I053001,requires,linkedToParent
I101616C,I053001,requires,linkedToParent
I101616D,I053001,requires,linkedToParent
I101616E,I053001,requires,linkedToParent
I101616F,I053001,requires,linkedToParent
I101617A,I053001,requires,linkedToParent
I101617B,I053001,requires,linkedToParent
I101617C,I053001,requires,linkedToParent
I101617D,I053001,requires,linkedToParent
I101617E,I053001,requires,linkedToParent
I101617F,I053001,requires,linkedToParent
I101618A,I053001,requires,linkedToParent
I101618B,I053001,requires,linkedToParent
I101618C,I053001,requires,linkedToParent
I101618D,I053001,requires,linkedToParent
I101618E,I053001,requires,linkedToParent
I101618F,I053001,requires,linkedToParent
I101619A,I053001,requires,linkedToParent
I101619B,I053001,requires,linkedToParent
I101619C,I053001,requires,linkedToParent
I101619D,I053001,requires,linkedToParent
I101619E,I053001,requires,linkedToParent
I101619F,I053001,requires,linkedToParent
I101620A,I053001,requires,linkedToParent
I101620B,I053001,requires,linkedToParent
I101620C,I053001,requires,linkedToParent
I101620D,I053001,requires,linkedToParent
I101620E,I053001,requires,linkedToParent
I101620F,I053001,requires,linkedToParent
I101621A,I053001,requires,linkedToParent
I101621B,I053001,requires,linkedToParent
I101621C,I053001,requires,linkedToParent
I101621D,I053001,requires,linkedToParent
I101621F,I053001,requires,linkedToParent
I101622A,I053001,requires,linkedToParent
I101622B,I053001,requires,linkedToParent
I101622C,I053001,requires,linkedToParent
I101622D,I053001,requires,linkedToParent
I101622F,I053001,requires,linkedToParent
I101623A,I053001,requires,linkedToParent
I101623B,I053001,requires,linkedToParent
I101623C,I053001,requires,linkedToParent
I101623D,I053001,requires,linkedToParent
I101623F,I053001,requires,linkedToParent
I101624A,I053001,requires,linkedToParent
I101624B,I053001,requires,linkedToParent
I101624C,I053001,requires,linkedToParent
I101624D,I053001,requires,linkedToParent
I101624F,I053001,requires,linkedToParent
I101625A,I053001,requires,linkedToParent
I101625B,I053001,requires,linkedToParent
I101625C,I053001,requires,linkedToParent
I101625D,I053001,requires,linkedToParent
I101625F,I053001,requires,linkedToParent
I101626A,I053001,requires,linkedToParent
I101626B,I053001,requires,linkedToParent
I101626C,I053001,requires,linkedToParent
I101626D,I053001,requires,linkedToParent
I101626F,I053001,requires,linkedToParent
I101627A,I053001,requires,linkedToParent
I101627B,I053001,requires,linkedToParent
I101627C,I053001,requires,linkedToParent
I101627D,I053001,requires,linkedToParent
I101627F,I053001,requires,linkedToParent
I101628A,I053001,requires,linkedToParent
I101628B,I053001,requires,linkedToParent
I101628C,I053001,requires,linkedToParent
I101628D,I053001,requires,linkedToParent
I101628F,I053001,requires,linkedToParent
I101643A,I053001,requires,linkedToParent
I101643B,I053001,requires,linkedToParent
I101644A,I053001,requires,linkedToParent
I101644B,I053001,requires,linkedToParent
I101649A,I053001,requires,linkedToParent
I101649B,I053001,requires,linkedToParent
I101657A,I053001,requires,linkedToParent
I101657B,I053001,requires,linkedToParent
I101658A,I053001,requires,linkedToParent
I101658B,I053001,requires,linkedToParent
I101701A,I053001,requires,linkedToParent
I101701B,I053001,requires,linkedToParent
I101701C,I053001,requires,linkedToParent
I101701D,I053001,requires,linkedToParent
I101702A,I053001,requires,linkedToParent
I101702B,I053001,requires,linkedToParent
I101702C,I053001,requires,linkedToParent
I101702D,I053001,requires,linkedToParent
I101717A,I053001,requires,linkedToParent
I101717B,I053001,requires,linkedToParent
I101717C,I053001,requires,linkedToParent
I101717D,I053001,requires,linkedToParent
I101718A,I053001,requires,linkedToParent
I101718B,I053001,requires,linkedToParent
I101718C,I053001,requires,linkedToParent
I101718D,I053001,requires,linkedToParent
I101719A,I053001,requires,linkedToParent
I101719B,I053001,requires,linkedToParent
I101719C,I053001,requires,linkedToParent
I101719D,I053001,requires,linkedToParent
I101720A,I053001,requires,linkedToParent
I101720B,I053001,requires,linkedToParent
I101720C,I053001,requires,linkedToParent
I101720D,I053001,requires,linkedToParent
I101721A,I053001,requires,linkedToParent
I101721B,I053001,requires,linkedToParent
I101721C,I053001,requires,linkedToParent
I101721D,I053001,requires,linkedToParent
I101722A,I053001,requires,linkedToParent
I101722B,I053001,requires,linkedToParent
I101722C,I053001,requires,linkedToParent
I101722D,I053001,requires,linkedToParent
I101723A,I053001,requires,linkedToParent
I101723B,I053001,requires,linkedToParent
I101723C,I053001,requires,linkedToParent
I101723D,I053001,requires,linkedToParent
I101724A,I053001,requires,linkedToParent
I101724B,I053001,requires,linkedToParent
I101724C,I053001,requires,linkedToParent
I101724D,I053001,requires,linkedToParent
I101757A,I053001,requires,linkedToParent
I101757B,I053001,requires,linkedToParent
I101758A,I053001,requires,linkedToParent
I101758B,I053001,requires,linkedToParent
I101759A,I053001,requires,linkedToParent
I101759B,I053001,requires,linkedToParent
I101760A,I053001,requires,linkedToParent
I101760B,I053001,requires,linkedToParent
I101761A,I053001,requires,linkedToParent
I101761B,I053001,requires,linkedToParent
I101765A,I053001,requires,linkedToParent
I101765B,I053001,requires,linkedToParent
I101765C,I053001,requires,linkedToParent
I101766A,I053001,requires,linkedToParent
I101766B,I053001,requires,linkedToParent
I101766C,I053001,requires,linkedToParent
I101767A,I053001,requires,linkedToParent
I101767B,I053001,requires,linkedToParent
I101767C,I053001,requires,linkedToParent
I101782,I053001,requires,linkedToParent
I101783,I053001,requires,linkedToParent
I101785A,I053001,requires,linkedToParent
I101845A,I053001,requires,linkedToParent
I101845B,I053001,requires,linkedToParent
I101845C,I053001,requires,linkedToParent
I101845D,I053001,requires,linkedToParent
I101846A,I053001,requires,linkedToParent
I101846B,I053001,requires,linkedToParent
I101846C,I053001,requires,linkedToParent
I101846D,I053001,requires,linkedToParent
I101847A,I053001,requires,linkedToParent
I101847B,I053001,requires,linkedToParent
I101847C,I053001,requires,linkedToParent
I101848A,I053001,requires,linkedToParent
I101848B,I053001,requires,linkedToParent
I101848C,I053001,requires,linkedToParent
IH101712,I053001,requires,linkedToParent
IH10515,I053001,requires,linkedToParent
IH10516,I053001,requires,linkedToParent
IH10517,I053001,requires,linkedToParent
IHG5730,I053001,requires,linkedToParent
IHG5731,I053001,requires,linkedToParent
IHG5732,I053001,requires,linkedToParent
IHG5733,I053001,requires,linkedToParent
IHG5734,I053001,requires,linkedToParent
IHG5735,I053001,requires,linkedToParent
IHG5736,I053001,requires,linkedToParent
IHG5737,I053001,requires,linkedToParent
IHG5738,I053001,requires,linkedToParent
IHG5764,I053001,requires,linkedToParent
IHG5765,I053001,requires,linkedToParent
IHG5766,I053001,requires,linkedToParent
IHG5816,I053001,requires,linkedToParent
IHG5895,I053001,requires,linkedToParent
IHG5896,I053001,requires,linkedToParent
IHG5897,I053001,requires,linkedToParent
IHG5898,I053001,requires,linkedToParent
IHG5899,I053001,requires,linkedToParent
IHG5900,I053001,requires,linkedToParent
IHG5901,I053001,requires,linkedToParent
IHG5902,I053001,requires,linkedToParent
IHG5903,I053001,requires,linkedToParent
IHG5904,I053001,requires,linkedToParent
IHG5905,I053001,requires,linkedToParent
IHG5906,I053001,requires,linkedToParent
IHG5907,I053001,requires,linkedToParent
IHG5908,I053001,requires,linkedToParent
IHG5909,I053001,requires,linkedToParent
IHG5910,I053001,requires,linkedToParent
IHG5911,I053001,requires,linkedToParent
IHG5912,I053001,requires,linkedToParent
IHG5913,I053001,requires,linkedToParent
IHG5914,I053001,requires,linkedToParent
IPAYG10,IGSPRPD,requires,linkedToParent
IPMB0001,CON00002,requires,linkedContractProduct
IPMB0002,CON00002,requires,linkedContractProduct
IPMB0003,CON00002,requires,linkedContractProduct
IPMB0004,CON00002,requires,linkedContractProduct
IPMS001M,CON00002,requires,linkedContractProduct
IPMS002M,CON00002,requires,linkedContractProduct
IPMS003M,CON00002,requires,linkedContractProduct
IPMS004M,CON00002,requires,linkedContractProduct
IPMS005M,CON00002,requires,linkedContractProduct
IPMS006M,CON00002,requires,linkedContractProduct
IPMS007M,CON00002,requires,linkedContractProduct
IPMS008M,CON00002,requires,linkedContractProduct
IPMS009M,CON00002,requires,linkedContractProduct
IPMS010M,CON00002,requires,linkedContractProduct
IPMS011M,CON00002,requires,linkedContractProduct
IPMS012M,CON00002,requires,linkedContractProduct
IPMS013M,CON00002,requires,linkedContractProduct
IPMS014M,CON00002,requires,linkedContractProduct
IPMS015M,CON00002,requires,linkedContractProduct
IPMS040M,CON00002,requires,linkedContractProduct
IPMS041M,CON00002,requires,linkedContractProduct
IPMS042M,CON00002,requires,linkedContractProduct
IPMS043M,CON00002,requires,linkedContractProduct
IPMSLG01,CON00002,requires,linkedContractProduct
J050607,J053000,requires,linkedToParent
J050607,J053001,requires,linkedToParent
J050607,JGSPRPD,requires,linkedToParent
J053013,J053000,requires,linkedToParent
J053013,J053001,requires,linkedToParent
J053013,JGSPRPD,requires,linkedToParent
J053014,J053000,requires,linkedToParent
J053014,J053001,requires,linkedToParent
J053014,JGSPRPD,requires,linkedToParent
J053015,J053000,requires,linkedToParent
J053015,J053001,requires,linkedToParent
J053015,JGSPRPD,requires,linkedToParent
J053021,J053000,requires,linkedToParent
J053021,J053001,requires,linkedToParent
J053021,JGSPRPD,requires,linkedToParent
J053022,J053000,requires,linkedToParent
J053022,J053001,requires,linkedToParent
J053022,JGSPRPD,requires,linkedToParent
J053030,J053000,requires,linkedToParent
J053030,J053001,requires,linkedToParent
J053030,JGSPRPD,requires,linkedToParent
J054500,J053000,requires,linkedToParent
J054500,J053001,requires,linkedToParent
J054500,JGSPRPD,requires,linkedToParent
J056000,J053000,requires,linkedToParent
J056000,JGSPRPD,requires,linkedToParent
J057019,JGSPRPD,requires,linkedToParent
J057020,JGSPRPD,requires,linkedToParent
J057184,J053000,requires,linkedToParent
J057185,J053000,requires,linkedToParent
J057188,J053000,requires,linkedToParent
J057191,J053000,requires,linkedToParent
J057194,J053000,requires,linkedToParent
J057195,J053000,requires,linkedToParent
J057220,JGSPRPD,requires,linkedToParent
J057222,JGSPRPD,requires,linkedToParent
J057224,JGSPRPD,requires,linkedToParent
J057300,J053000,requires,linkedToParent
J057300,JGSPRPD,requires,linkedToParent
J057301,J053000,requires,linkedToParent
J057301,JGSPRPD,requires,linkedToParent
J057302,J053000,requires,linkedToParent
J057302,JGSPRPD,requires,linkedToParent
J057303,J053000,requires,linkedToParent
J057303,JGSPRPD,requires,linkedToParent
J057304,J053000,requires,linkedToParent
J057304,JGSPRPD,requires,linkedToParent
J057305,J053000,requires,linkedToParent
J057305,J053001,requires,linkedToParent
J057305,JGSPRPD,requires,linkedToParent
J057370,J053000,requires,linkedToParent
J057371,J053000,requires,linkedToParent
J057372,J053000,requires,linkedToParent
J057373,J053000,requires,linkedToParent
J057375,J053000,requires,linkedToParent
J058310,J053000,requires,linkedToParent
J058311,J053000,requires,linkedToParent
J058312,J053000,requires,linkedToParent
J058313,J053000,requires,linkedToParent
J058314,J053000,requires,linkedToParent
J058315,J053000,requires,linkedToParent
J058323,J053000,requires,linkedToParent
J058323,J053001,requires,linkedToParent
J058326,J053000,requires,linkedToParent
J058326,J053001,requires,linkedToParent
J058327,JGSPRPD,requires,linkedToParent
J058330,J053000,requires,linkedToParent
J058331,J053000,requires,linkedToParent
J058332,J053000,requires,linkedToParent
J058333,J053000,requires,linkedToParent
J058334,J053000,requires,linkedToParent
J058335,J053000,requires,linkedToParent
J058336,J053000,requires,linkedToParent
J058337,J053000,requires,linkedToParent
J058338,J053000,requires,linkedToParent
J058339,J053000,requires,linkedToParent
J058340,J053000,requires,linkedToParent
J058341,J053000,requires,linkedToParent
J058342,J053000,requires,linkedToParent
J058343,J053000,requires,linkedToParent
J058344,J053000,requires,linkedToParent
J058371,J053000,requires,linkedToParent
J058372,J053000,requires,linkedToParent
J058373,J053000,requires,linkedToParent
J058374,J053000,requires,linkedToParent
J058375,J053000,requires,linkedToParent
J058376,J053000,requires,linkedToParent
J058380,J053000,requires,linkedToParent
J058380,J053001,requires,linkedToParent
J058381,J053000,requires,linkedToParent
J058382,J053000,requires,linkedToParent
J058383,J053000,requires,linkedToParent
J058390,J053000,requires,linkedToParent
J058391,J053000,requires,linkedToParent
J058392,J053000,requires,linkedToParent
J058393,J053000,requires,linkedToParent
J058441,J053000,requires,linkedToParent
J058441,J053001,requires,linkedToParent
J058442,J053000,requires,linkedToParent
J058442,J053001,requires,linkedToParent
J058444,J053000,requires,linkedToParent
J058444,J053001,requires,linkedToParent
J058446,J053000,requires,linkedToParent
J058446,J053001,requires,linkedToParent
J058470,J053001,requires,linkedToParent
J058471,J053001,requires,linkedToParent
J058472,J053001,requires,linkedToParent
J058473,J053001,requires,linkedToParent
J058474,J053001,requires,linkedToParent
J058490,J053001,requires,linkedToParent
J058492,J053001,requires,linkedToParent
J058493,J053001,requires,linkedToParent
J058494,J053001,requires,linkedToParent
J101574A,J053001,requires,linkedToParent
J101574B,J053001,requires,linkedToParent
J101587A,J053001,requires,linkedToParent
J101587B,J053001,requires,linkedToParent
J101587C,J053001,requires,linkedToParent
J101587D,J053001,requires,linkedToParent
J101588A,J053001,requires,linkedToParent
J101588B,J053001,requires,linkedToParent
J101588C,J053001,requires,linkedToParent
J101588D,J053001,requires,linkedToParent
J101589A,J053001,requires,linkedToParent
J101589B,J053001,requires,linkedToParent
J101589C,J053001,requires,linkedToParent
J101591A,J053001,requires,linkedToParent
J101591B,J053001,requires,linkedToParent
J101591C,J053001,requires,linkedToParent
J101604A,J053001,requires,linkedToParent
J101604B,J053001,requires,linkedToParent
J101605A,J053001,requires,linkedToParent
J101605B,J053001,requires,linkedToParent
J101605C,J053001,requires,linkedToParent
J101605D,J053001,requires,linkedToParent
J101605E,J053001,requires,linkedToParent
J101605F,J053001,requires,linkedToParent
J101615A,J053001,requires,linkedToParent
J101615B,J053001,requires,linkedToParent
J101615C,J053001,requires,linkedToParent
J101615D,J053001,requires,linkedToParent
J101615E,J053001,requires,linkedToParent
J101615F,J053001,requires,linkedToParent
J101616A,J053001,requires,linkedToParent
J101616B,J053001,requires,linkedToParent
J101616C,J053001,requires,linkedToParent
J101616D,J053001,requires,linkedToParent
J101616E,J053001,requires,linkedToParent
J101616F,J053001,requires,linkedToParent
J101617A,J053001,requires,linkedToParent
J101617B,J053001,requires,linkedToParent
J101617C,J053001,requires,linkedToParent
J101617D,J053001,requires,linkedToParent
J101617E,J053001,requires,linkedToParent
J101617F,J053001,requires,linkedToParent
J101618A,J053001,requires,linkedToParent
J101618B,J053001,requires,linkedToParent
J101618C,J053001,requires,linkedToParent
J101618D,J053001,requires,linkedToParent
J101618E,J053001,requires,linkedToParent
J101618F,J053001,requires,linkedToParent
J101619A,J053001,requires,linkedToParent
J101619B,J053001,requires,linkedToParent
J101619C,J053001,requires,linkedToParent
J101619D,J053001,requires,linkedToParent
J101619E,J053001,requires,linkedToParent
J101619F,J053001,requires,linkedToParent
J101620A,J053001,requires,linkedToParent
J101620B,J053001,requires,linkedToParent
J101620C,J053001,requires,linkedToParent
J101620D,J053001,requires,linkedToParent
J101620E,J053001,requires,linkedToParent
J101620F,J053001,requires,linkedToParent
J101621A,J053001,requires,linkedToParent
J101621B,J053001,requires,linkedToParent
J101621C,J053001,requires,linkedToParent
J101621D,J053001,requires,linkedToParent
J101621F,J053001,requires,linkedToParent
J101622A,J053001,requires,linkedToParent
J101622B,J053001,requires,linkedToParent
J101622C,J053001,requires,linkedToParent
J101622D,J053001,requires,linkedToParent
J101622F,J053001,requires,linkedToParent
J101623A,J053001,requires,linkedToParent
J101623B,J053001,requires,linkedToParent
J101623C,J053001,requires,linkedToParent
J101623D,J053001,requires,linkedToParent
J101623F,J053001,requires,linkedToParent
J101624A,J053001,requires,linkedToParent
J101624B,J053001,requires,linkedToParent
J101624C,J053001,requires,linkedToParent
J101624D,J053001,requires,linkedToParent
J101624F,J053001,requires,linkedToParent
J101625A,J053001,requires,linkedToParent
J101625B,J053001,requires,linkedToParent
J101625C,J053001,requires,linkedToParent
J101625D,J053001,requires,linkedToParent
J101625F,J053001,requires,linkedToParent
J101626A,J053001,requires,linkedToParent
J101626B,J053001,requires,linkedToParent
J101626C,J053001,requires,linkedToParent
J101626D,J053001,requires,linkedToParent
J101626F,J053001,requires,linkedToParent
J101627A,J053001,requires,linkedToParent
J101627B,J053001,requires,linkedToParent
J101627C,J053001,requires,linkedToParent
J101627D,J053001,requires,linkedToParent
J101627F,J053001,requires,linkedToParent
J101628A,J053001,requires,linkedToParent
J101628B,J053001,requires,linkedToParent
J101628C,J053001,requires,linkedToParent
J101628D,J053001,requires,linkedToParent
J101628F,J053001,requires,linkedToParent
J101643A,J053001,requires,linkedToParent
J101643B,J053001,requires,linkedToParent
J101644A,J053001,requires,linkedToParent
J101644B,J053001,requires,linkedToParent
J101649A,J053001,requires,linkedToParent
J101649B,J053001,requires,linkedToParent
J101657A,J053001,requires,linkedToParent
J101657B,J053001,requires,linkedToParent
J101658A,J053001,requires,linkedToParent
J101658B,J053001,requires,linkedToParent
J101701A,J053001,requires,linkedToParent
J101701B,J053001,requires,linkedToParent
J101701C,J053001,requires,linkedToParent
J101701D,J053001,requires,linkedToParent
J101702A,J053001,requires,linkedToParent
J101702B,J053001,requires,linkedToParent
J101702C,J053001,requires,linkedToParent
J101702D,J053001,requires,linkedToParent
J101717A,J053001,requires,linkedToParent
J101717B,J053001,requires,linkedToParent
J101717C,J053001,requires,linkedToParent
J101717D,J053001,requires,linkedToParent
J101718A,J053001,requires,linkedToParent
J101718B,J053001,requires,linkedToParent
J101718C,J053001,requires,linkedToParent
J101718D,J053001,requires,linkedToParent
J101719A,J053001,requires,linkedToParent
J101719B,J053001,requires,linkedToParent
J101719C,J053001,requires,linkedToParent
J101719D,J053001,requires,linkedToParent
J101720A,J053001,requires,linkedToParent
J101720B,J053001,requires,linkedToParent
J101720C,J053001,requires,linkedToParent
J101720D,J053001,requires,linkedToParent
J101721A,J053001,requires,linkedToParent
J101721B,J053001,requires,linkedToParent
J101721C,J053001,requires,linkedToParent
J101721D,J053001,requires,linkedToParent
J101722A,J053001,requires,linkedToParent
J101722B,J053001,requires,linkedToParent
J101722C,J053001,requires,linkedToParent
J101722D,J053001,requires,linkedToParent
J101723A,J053001,requires,linkedToParent
J101723B,J053001,requires,linkedToParent
J101723C,J053001,requires,linkedToParent
J101723D,J053001,requires,linkedToParent
J101724A,J053001,requires,linkedToParent
J101724B,J053001,requires,linkedToParent
J101724C,J053001,requires,linkedToParent
J101724D,J053001,requires,linkedToParent
J101757A,J053001,requires,linkedToParent
J101757B,J053001,requires,linkedToParent
J101758A,J053001,requires,linkedToParent
J101758B,J053001,requires,linkedToParent
J101759A,J053001,requires,linkedToParent
J101759B,J053001,requires,linkedToParent
J101760A,J053001,requires,linkedToParent
J101760B,J053001,requires,linkedToParent
J101761A,J053001,requires,linkedToParent
J101761B,J053001,requires,linkedToParent
J101765A,J053001,requires,linkedToParent
J101765B,J053001,requires,linkedToParent
J101765C,J053001,requires,linkedToParent
J101766A,J053001,requires,linkedToParent
J101766B,J053001,requires,linkedToParent
J101766C,J053001,requires,linkedToParent
J101767A,J053001,requires,linkedToParent
J101767B,J053001,requires,linkedToParent
J101767C,J053001,requires,linkedToParent
J101782,J053001,requires,linkedToParent
J101783,J053001,requires,linkedToParent
J101785A,J053001,requires,linkedToParent
J101845A,J053001,requires,linkedToParent
J101845B,J053001,requires,linkedToParent
J101845C,J053001,requires,linkedToParent
J101845D,J053001,requires,linkedToParent
J101846A,J053001,requires,linkedToParent
J101846B,J053001,requires,linkedToParent
J101846C,J053001,requires,linkedToParent
J101846D,J053001,requires,linkedToParent
J101847A,J053001,requires,linkedToParent
J101847B,J053001,requires,linkedToParent
J101847C,J053001,requires,linkedToParent
J101848A,J053001,requires,linkedToParent
J101848B,J053001,requires,linkedToParent
J101848C,J053001,requires,linkedToParent
JH101712,J053001,requires,linkedToParent
JH10515,J053001,requires,linkedToParent
JH10516,J053001,requires,linkedToParent
JH10517,J053001,requires,linkedToParent
JHG5730,J053001,requires,linkedToParent
JHG5731,J053001,requires,linkedToParent
JHG5732,J053001,requires,linkedToParent
JHG5733,J053001,requires,linkedToParent
JHG5734,J053001,requires,linkedToParent
JHG5735,J053001,requires,linkedToParent
JHG5736,J053001,requires,linkedToParent
JHG5737,J053001,requires,linkedToParent
JHG5738,J053001,requires,linkedToParent
JHG5764,J053001,requires,linkedToParent
JHG5765,J053001,requires,linkedToParent
JHG5766,J053001,requires,linkedToParent
JHG5776,J053001,requires,linkedToParent
JHG5816,J053001,requires,linkedToParent
JHG5895,J053001,requires,linkedToParent
JHG5896,J053001,requires,linkedToParent
JHG5897,J053001,requires,linkedToParent
JHG5898,J053001,requires,linkedToParent
JHG5899,J053001,requires,linkedToParent
JHG5900,J053001,requires,linkedToParent
JHG5901,J053001,requires,linkedToParent
JHG5902,J053001,requires,linkedToParent
JHG5903,J053001,requires,linkedToParent
JHG5904,J053001,requires,linkedToParent
JHG5905,J053001,requires,linkedToParent
JHG5906,J053001,requires,linkedToParent
JHG5907,J053001,requires,linkedToParent
JHG5908,J053001,requires,linkedToParent
JHG5909,J053001,requires,linkedToParent
JHG5910,J053001,requires,linkedToParent
JHG5911,J053001,requires,linkedToParent
JHG5912,J053001,requires,linkedToParent
JHG5913,J053001,requires,linkedToParent
JHG5914,J053001,requires,linkedToParent
JPMB0001,CON00002,requires,linkedContractProduct
JPMB0002,CON00002,requires,linkedContractProduct
JPMB0003,CON00002,requires,linkedContractProduct
JPMS001M,CON00002,requires,linkedContractProduct
JPMS002M,CON00002,requires,linkedContractProduct
JPMS003M,CON00002,requires,linkedContractProduct
JPMS004M,CON00002,requires,linkedContractProduct
JPMS005M,CON00002,requires,linkedContractProduct
JPMS006M,CON00002,requires,linkedContractProduct
JPMS007M,CON00002,requires,linkedContractProduct
JPMS008M,CON00002,requires,linkedContractProduct
JPMS009M,CON00002,requires,linkedContractProduct
JPMS010M,CON00002,requires,linkedContractProduct
JPMS011M,CON00002,requires,linkedContractProduct
JPMS012M,CON00002,requires,linkedContractProduct
JPMS013M,CON00002,requires,linkedContractProduct
JPMS014M,CON00002,requires,linkedContractProduct
JPMS015M,CON00002,requires,linkedContractProduct
JPMS016M,CON00002,requires,linkedContractProduct
JPMS017M,CON00002,requires,linkedContractProduct
JPMS018M,CON00002,requires,linkedContractProduct
JPMS025M,CON00002,requires,linkedContractProduct
JPMS026M,CON00002,requires,linkedContractProduct
JPMS027M,CON00002,requires,linkedContractProduct
JPMS028M,CON00002,requires,linkedContractProduct
JPMS029M,CON00002,requires,linkedContractProduct
JPMS030M,CON00002,requires,linkedContractProduct
JPMS031M,CON00002,requires,linkedContractProduct
JPMS032M,CON00002,requires,linkedContractProduct
JPMS033M,CON00002,requires,linkedContractProduct
JPMS034M,CON00002,requires,linkedContractProduct
JPMS035M,CON00002,requires,linkedContractProduct
JPMS036M,CON00002,requires,linkedContractProduct
JPMS040M,CON00002,requires,linkedContractProduct
JPMS041M,CON00002,requires,linkedContractProduct
JPMS042M,CON00002,requires,linkedContractProduct
JPMS043M,CON00002,requires,linkedContractProduct
JPMS045M,CON00002,requires,linkedContractProduct
JPMS046M,CON00002,requires,linkedContractProduct
JPMS047M,CON00002,requires,linkedContractProduct
JPMS048M,CON00002,requires,linkedContractProduct
JPMSLG01,CON00002,requires,linkedContractProduct
G053020,G053000,requires,linkedToParent
